"y,""v1"",""v2"",""v3"",""v4"",""v5"",""v6"",""v7"""
1,19,5.37392116799248,7,-5.00003298799159,323,-0.0654838024570487,10.036647311217
1,79,6.19530575367548,10,-5.38039534698412,-21,-0.455210624252649,9.32631861767946
1,-87,5.86414831365051,26,-5.84805539260546,-783,-0.01537298026739,10.6707488297638
1,-16,6.87343824209613,13,-4.89913884766378,93,0.466524158144469,8.68815575915202
1,-80,7.98157214718151,53,-3.7949927190767,-273,1.40444196223746,6.97634186233875
1,4,6.65576076547358,7,-3.62484094905216,66,0.7353515237288,12.2373229016825
1,-80,7.51271079201497,-8,-4.41550109147515,25,2.22236438740636,7.61612077739253
1,-76,7.29606622345983,-14,-5.59514924012462,-608,-0.448118185928011,9.18992083618388
1,63,6.61355593011093,53,-5.26208868437098,-303,-1.04604439268701,10.754363945353
1,-23,7.14390454926893,20,-2.10717383002969,144,0.420949384509589,12.7917761701238
1,-116,6.98998063895142,38,-3.09826242439383,-775,0.513530284485953,10.9128246634471
1,-65,5.70121981404762,-23,-6.43423110567475,84,1.06412308144254,10.670313914698
1,-20,8.48741508003066,28,-3.43906101447233,-183,0.396406831652313,7.36144296084549
1,85,6.5440352999216,19,-3.16682880651193,260,0.316464924085034,12.1370715823801
1,-6,7.03657995473289,54,-8.3662085083814,-380,-0.142794299476421,5.74565708418516
1,49,5.27451538223314,7,-5.15811460666707,435,0.0663439832316525,8.44383048651715
1,-86,4.560521262027,35,-6.82490627289552,-612,0.557984491951979,10.7103546756351
1,73,7.14402065356952,76,-6.87369544695739,78,1.69567013654437,10.4465535995249
1,-275,6.59788925473596,6,-6.99482270044632,721,1.03627312959315,6.49076203040132
1,41,5.52518394765508,8,-5.27016423809668,-44,-0.555353296288274,10.8648517084792
1,-130,4.94793432347709,37,-6.73088028927423,-866,1.43000212467972,7.69612995577271
1,85,5.79154805498886,67,-7.50187133507828,-424,0.965307293683926,11.1946092485547
1,-111,6.63487065738848,11,-2.1399797248823,134,-0.567000917024416,7.72010033836375
1,-74,8.23989331171401,52,-5.4462563001361,-201,0.375873360141672,6.61821808173024
1,90,6.75832927981894,24,-6.83729488466551,-676,1.40718079013131,9.47993558525987
1,-104,4.96968982263148,10,-2.26972285077609,-362,-1.55239331067277,11.782331347027
1,147,7.36130628024091,14,-6.56962145702512,-86,-0.287001164250444,9.53898814460869
1,-66,6.35391662194619,-6,-4.02406652096289,109,0.301259640958702,8.78790847928945
1,-42,6.63516325540305,54,-1.3619342127685,-934,2.48643678733964,9.60910385220721
1,-195,8.0022894937378,18,-2.35639130387746,-31,0.032508194820638,6.49115144676656
1,-64,7.2767272412215,39,-4.39783174481019,-549,1.41644763710593,11.179168934812
1,45,7.97640804958959,22,-1.65878669579265,-154,-0.355298942161614,13.067536980916
1,-136,6.92993116767598,30,-7.36331164457031,490,-1.15615383177858,10.7581330975928
1,-55,4.3992819907224,22,-5.8833508802564,-309,-0.246652738242178,8.92206939869892
1,-12,7.65191652059682,-5,-2.19026172034132,-143,-0.640328890591398,9.88224106240168
1,63,7.09753991049745,38,-4.28989016980847,-299,0.553587552417515,12.0989488641966
1,-31,6.47584495685996,22,-8.7679112781859,-306,-0.386789296409571,7.3118276393514
1,-131,6.86325295688105,76,-6.4347202662832,-85,1.19496613762561,7.10875206531298
1,55,4.29852589514617,28,-4.45638868210519,-221,0.416406162685831,6.2957235458988
1,-102,6.90257959920395,38,-2.73369071881818,87,1.30653363651881,8.79112834600365
1,-153,7.22877788175104,34,-2.57090386016921,-538,-0.411291995294085,7.53087285540838
1,170,6.69128855062698,-29,-6.29933887556385,-687,-0.749601407771927,11.5978072156814
1,-67,5.93318336410896,10,-8.49844667670274,-171,-1.21629281354906,7.24436250944109
1,-78,6.03305279174667,47,-3.05336276209879,-239,-1.09678549007668,11.3491813792473
1,77,7.99866690269354,28,-5.58809122113032,-619,-0.583569441118982,10.9791503569881
1,-146,6.508119860379,59,-6.1870315429944,-267,0.2770273858898,11.9658194577256
1,39,6.62977538207529,39,-4.43840977101596,568,-0.272536399106869,14.0624903715632
1,-95,6.88149534755435,11,-7.78133824707423,-59,0.902722471774779,7.87058137478301
1,-3,6.67893810486835,20,-4.16852593931572,-747,-0.313506060487742,9.78416655267237
1,93,6.95285880193556,31,-0.0757145508055528,429,-0.0743790293747316,13.7524099864656
1,25,8.2218066419662,-8,-3.69325791876387,-574,-0.359230455145788,9.96976883820107
1,166,7.78146156173081,45,-2.66266347254123,-499,-0.310751519780843,9.67090023658333
1,15,6.79619072263148,40,-3.25560233881086,-967,-0.447959877792348,14.4680516933662
1,35,3.96714178715335,35,-5.07024843990443,101,-0.983518116028431,13.2721220185624
1,50,6.98181617704977,54,-5.64116634801429,4,-0.840330176869875,10.218250651013
1,-49,7.16343371049607,-13,-4.55816499012971,-414,-0.690225523727015,10.4899175109279
1,-244,8.04082512350268,16,-3.39253713743754,-180,1.12134319075917,12.5628988503404
1,-89,5.1422831925855,-13,-4.42902280565944,-464,0.490971162168236,9.76428015419149
1,123,7.71040083019374,52,-7.1544110990049,-398,-1.08035149431557,14.3149636107957
1,-79,7.55563584099902,28,-4.53907784799185,390,-0.174157068388707,14.0472100174011
1,185,7.78741036076222,-32,-3.75000002495776,-614,-0.811804213961681,11.5441565708373
1,-58,4.81483823000567,85,-4.16194883193092,-340,-2.222059118089,13.1180776649084
1,-138,5.72828195481526,18,-4.26467469717692,-540,-0.0791558201834462,12.6772442315866
1,98,7.60555698623345,29,-6.02565730931201,-553,0.911144603647356,11.8739426871566
1,77,7.1984194506329,25,0.00172719065517057,-4,0.153079231087532,8.09074100147897
1,185,7.14580368431874,20,-3.81525023979478,4,-2.64101104788884,12.7193621720631
1,-5,6.91293903440966,25,-4.21814755313506,-838,-0.863212954052857,8.03038120522411
1,-148,7.16137963542003,34,-4.44388905089295,-264,0.79582181419257,9.50043319079778
1,-110,6.96853726287462,33,-4.29720231553795,-58,0.786143652736351,12.984901816013
1,10,8.9813552395334,24,-2.07767558843018,-318,0.746452245330984,8.83833969692049
1,182,7.4027256239311,19,-7.42703048604095,-80,-1.59006358035421,11.1867246314145
1,38,7.90161471644309,-4,-5.32616860576436,357,-0.5113404089624,9.544247274937
1,-53,6.52643407089282,10,-4.56878727497367,-1003,-0.86222803489016,9.02633064611305
1,8,5.61326722351203,-23,-0.447339766312547,1,1.19585502126564,10.4538164752596
1,24,8.27128654790203,19,-5.49205649422936,243,-1.41363082191703,11.880774912526
1,-72,6.73170311166686,15,-5.21047140837985,-24,1.02514474077273,7.53129485706689
1,-1,5.44019735471547,62,-2.86526753556899,-220,0.880619031925592,13.4310481320076
1,22,6.84854168967634,58,-7.96753474106812,-65,1.09584260952489,11.478775112276
1,-59,6.53571947356535,12,-3.15319559694946,-441,0.593984076251112,9.98878535503908
1,-20,7.05030881504367,57,-7.40478827855944,-43,-0.0291885810466009,10.475271550131
1,75,6.5770482471189,7,-3.51243799867778,-1310,0.176102712000791,9.02841673417133
1,-90,3.87925554423534,32,-2.39391802320189,-480,0.785504350181879,10.8044237869359
1,118,6.0372991247049,30,-10.4202095404718,-132,-0.964185393425022,8.81545852854105
1,75,6.33476487501615,49,-4.81665218535169,-548,1.31128601413092,10.9308060850639
1,-124,7.12534236104275,2,-2.15532562045958,-1056,-1.87614261428589,10.9231681598415
1,-119,8.00210434569366,26,-7.65974898699937,-86,0.238241314356361,5.11665471614072
1,-224,8.09211070595695,32,-7.14621782514077,-335,-0.663166950413101,7.30589077840627
1,139,6.03041893090357,9,-8.1390682816355,-379,1.5602791263792,14.897784092191
1,-84,6.5365033741664,15,-7.68248418590613,-740,0.919104589937862,6.89053137073664
1,71,8.5704710738129,-2,-5.93808326397648,113,0.401059290809034,8.41178682244146
1,1,6.4710556682171,25,-4.62753655073243,-85,1.15578989173519,8.7850478218874
1,92,8.15231260236703,-48,-3.35719608197971,53,-0.60584803272978,8.04337820495041
1,173,5.25750627894854,46,-7.58144122961882,-264,-0.902359841094409,7.40729117867127
1,156,6.08433150939238,12,-4.45213841677201,166,0.15438654524618,6.70882681422333
1,-157,6.81608847348032,28,-3.30847931631867,-26,0.0997795207293964,10.2376371549448
1,-11,5.96718980977454,9,-8.10947070310701,180,-2.1706082666186,15.8721837770739
1,-50,7.23298837714277,43,-1.87478926303943,-539,0.314493409845605,8.49124623508665
1,-57,6.13051675489224,13,-1.92192004577081,-76,-0.618222843076924,11.6222596782022
1,-1,7.90101806781461,39,-4.27407574056163,274,1.28893584727223,7.47598811245062
1,64,5.56046884359146,45,-4.01534802239061,-234,-0.695497161554184,9.54931812971902
1,36,7.37444888438997,-14,-5.47957557539341,414,-0.742255729426647,9.71457222615227
1,-48,6.36114883352219,59,-5.56897071745968,553,0.281265657095649,9.63271806805911
1,88,5.32462850284356,22,-2.59706901313255,29,0.727668482212826,8.4495028585737
1,-2,7.10113640492042,20,-6.03267316006091,-315,1.2030696486653,8.33067757246051
1,95,4.27460556249085,20,-7.70914101402101,-161,0.742837741213872,11.6850864094459
1,-107,6.06467947754113,5,-5.33778078342721,-199,0.983992671610682,9.47060551042616
1,45,7.55533409286696,28,-5.36929084853044,2,-0.865148625602583,6.52952777892637
1,169,8.33039246688072,46,-5.89096122087489,-27,-1.46948720310957,9.59413304417037
1,116,6.45533810851599,-21,-6.25668270706549,-1053,0.14424868123375,10.8072128363045
1,198,6.56719092667855,29,-5.21090328358911,-648,-0.26726607829547,11.0268695384164
1,145,5.96375370082825,50,-7.78001896143448,-452,-1.83556758200336,10.5784759602439
1,-103,6.127845244618,47,-4.00643659026769,440,-1.50912500714132,12.2610143191884
1,116,6.40444830097857,2,-6.23447474153828,-384,-1.58085305350532,10.7446476316231
1,47,6.15175581504593,54,-3.88654519754875,203,0.761688477994182,5.41447721880796
1,-41,5.87997314222388,-11,-2.81418827116957,652,-0.0688606309057574,10.1431759993621
1,185,6.00523549138622,37,-5.72960288370049,-422,-0.10558164767809,8.91766064874744
1,-7,3.71666716116058,-6,-5.13023730590585,315,0.241680727911432,6.77885355557495
1,44,6.05036588025767,15,-3.76873127971077,-709,1.98250974221762,8.61213450576554
1,-176,8.37632498542216,32,-6.67272976400118,-565,-2.47934772987102,10.3642596616844
1,13,6.2168371150973,-1,-7.43581719980275,-521,1.72538384528642,8.97546391581414
1,51,8.63712937352599,-15,-1.64475757793078,-432,0.045072289741898,6.96574207685287
1,-154,7.24823548264562,2,-5.6624711160891,-603,-1.04391060093584,11.5119753086508
1,117,6.20662191513227,-3,-3.24452424508155,502,0.412773806118703,11.1884778860022
1,100,6.34002046955108,33,-4.45252294990979,-334,-1.14300348324707,12.6149200207654
1,-161,5.54111206077401,11,-4.34434210102973,-149,-2.41347270339165,10.8958882880611
1,-10,6.32639910833087,9,-5.77470410443498,534,0.353910939782931,11.3577474336316
1,-9,7.3060934772752,33,-8.25716270267021,-245,0.940864362598885,9.72440294452556
1,-113,7.20556317689926,38,-6.33988270966606,-599,2.10751836929453,11.4054529832622
1,277,6.41482611581073,23,-3.14172669857896,-1098,0.909852608640435,11.7174951088577
1,-16,6.83417092307582,37,-6.83205667238092,-97,1.96118778284096,7.35111896763727
1,104,6.98775386816744,40,-5.47085601228638,-625,-0.492514026857056,9.09010369149154
1,-99,6.93292809627308,-8,-5.02365830316516,-163,0.141527048260152,10.8487690791095
1,48,4.76627927688811,47,-4.48083065970954,193,0.779404160599571,8.47132304352131
1,72,6.87777984544229,21,-1.80399404281513,557,-0.399429989711388,11.3194921644061
1,10,7.08039156099086,-1,-1.67712141794103,114,-2.14430096195897,10.6647777048708
1,18,7.21221566276491,33,-2.13099231261261,-103,-0.239543730300267,9.26991743198231
1,-42,7.64211893311201,50,-5.29185504283719,-614,-1.39172356693635,11.5545686490494
1,-17,6.09934388336753,27,-6.31007115540905,-1005,-1.57033845912765,8.62734295970454
1,-79,6.12567360576409,36,-4.49280369920501,-272,0.181898846492444,5.90709813608594
1,143,7.79154770450386,25,-5.9707992437345,-325,0.475873010079057,9.37912437885745
1,-17,6.1465349305997,27,-6.10382806982327,-163,-0.460171800539478,10.7633998279814
1,-24,4.93233588593831,6,-5.17353431403321,668,-0.458238391225413,10.4384574669642
1,77,7.17715622305256,71,-3.08974809628071,253,-0.898172074774155,10.1795846505748
1,-31,6.68465897090651,70,-0.251208894687747,-146,-1.56428480597975,4.34120326877848
1,56,6.99218470346883,26,-4.13822863493999,154,0.0335734286326725,8.10655567420104
1,-134,6.60055791018254,13,-5.17117174523662,-651,0.987941988726801,11.1332441074357
1,-103,7.24810829802992,44,-2.73465345489104,17,-0.967143435929686,8.09496036289281
1,19,8.19228783321855,38,-4.81297938500092,114,-1.04405309673495,11.0785877895719
1,94,6.69439949554228,4,-4.2746402078917,158,1.93151842612896,11.0209254487651
1,-183,4.4504498060761,18,-3.89350270984646,-372,-2.49518252446359,10.7938215045123
1,43,7.37481999146641,39,-6.0638907154223,111,-1.39985355609294,11.4739698178434
1,-75,6.14624768236096,10,-6.19891835194339,-601,2.65679925481598,10.6257930251504
1,-11,7.62203500833567,27,-6.2341841219911,-403,-0.171855635391871,8.83031656252947
1,-181,7.36831257576301,46,-5.76112292931193,42,-1.17773235060044,12.7771994404751
1,1,8.07240600977598,32,-2.98775902132848,53,0.748773993269943,12.4164210491123
1,-76,6.42726384867244,30,-9.29669508269903,326,0.300989332632194,12.1569846894214
1,76,6.57809208706247,27,-2.81703559398004,-636,0.473349455769618,11.9725600516433
1,174,6.66592335869422,5,-5.34270763629476,-135,0.669492038126067,8.56013251785982
1,-42,7.36544110233023,35,-6.42909336710044,52,0.359035406646868,12.3119415344074
1,77,8.17967375920475,44,-6.16849345843249,437,1.06618491531504,13.4602372399175
1,-20,6.1044302589022,40,-2.89505341934691,37,0.0799758761665735,10.8456479446044
1,-14,7.2995667655336,28,-6.93161914032657,249,2.56196191966954,9.60978071849527
1,118,6.41510248004464,21,-4.99024954694937,-284,-0.193207039672582,6.94961393846658
1,100,6.04513674913871,10,-2.5011171374906,-481,-0.107541817811852,11.8588122151352
1,-116,6.657330125725,13,-4.38086412276277,-913,-0.478292894856761,10.7572564210293
1,-52,8.20790558414703,51,-3.52606622845319,-905,0.432597937070379,9.9664328181124
1,27,5.86533324132691,28,-8.3778811955354,-646,-0.037674607176322,12.0911120890095
1,45,6.35990306177159,30,-4.8152031239543,-523,0.447802316120695,13.593564901058
1,329,8.40870880733541,27,-4.69130411988091,163,0.0289272261003364,11.4530536919239
1,-112,4.4832198735029,60,-4.31671230390624,-677,-1.15037716792008,9.52724251976167
1,4,6.79113114810934,-11,-3.90656071976746,99,-0.660833771211868,10.4364959351721
1,50,7.22437805213016,25,-6.03651717579579,-454,-1.23990433717825,9.71463279161433
1,-22,6.79801716522687,38,-5.87289028401659,105,0.509516866592266,11.2742317623653
1,79,5.45244904215662,58,-6.98005631120835,-868,1.81025652385004,7.96828109496224
1,-51,6.03620722191125,27,-5.66575238082879,-1380,-0.0491214773630036,14.7101493086037
1,24,7.6099143740395,12,-6.6253546107244,256,-3.48893416781853,8.81667345411473
1,-173,6.5973393885633,20,-2.4799211402284,-171,-1.14170351160981,7.84622828051117
1,126,7.67638084305355,-5,-10.8998621588171,122,-0.434358844246447,9.67401573553904
1,99,7.22437113737364,36,-5.86861985437742,255,-0.767877283793659,9.07948114273811
1,193,6.87898799111561,25,-4.8154566693867,40,-0.174279854277725,10.9404433910615
1,-127,8.08426550611241,24,-4.98053997399347,-531,-0.736427389335958,8.26002208808793
1,-27,6.79074360341058,40,-3.33837907015188,-846,0.137694208228269,7.95898158685972
1,-1,6.48503735504384,32,-8.78072375083568,291,0.265047831790644,8.81477964350678
1,-27,6.13573489097437,14,-3.20662637623134,-315,-1.72152165425025,9.30298479093848
1,68,6.16454125165886,-8,-6.71469063702943,-1052,0.120411236665041,10.1396810208461
1,164,5.84937492316624,35,-1.86276565048996,395,0.700327353652311,7.18122418744704
1,-88,8.47108807565338,-21,-1.38480028346459,-841,-0.303925873998111,8.75290974356389
1,-116,7.89500242612463,25,-4.7245141017106,398,0.860469999361115,12.2244837605512
1,-211,5.28265527822832,42,-5.58241312253789,-45,-0.170510702269617,9.08360314176083
1,-162,7.78283046513524,23,-4.38882032817825,-423,-0.872614557434151,9.54360512025701
1,51,5.99100802481886,32,-2.84093472681891,290,2.01323220163255,13.1044368309853
1,-118,7.98517650271042,11,-4.01266654776572,-365,0.481040479203781,9.81518708395665
1,-6,7.79754365814937,26,-5.29576794004486,-287,-0.426103659867748,8.34934135306626
1,-102,2.79765825054692,56,-3.90221531919314,-433,0.068639820643684,12.0309615625707
1,-86,7.88760395454032,18,-3.29094008039559,-446,1.95371826199167,11.0204252033433
1,-34,3.87152476910911,5,-5.67049584360965,-1201,0.488695498355377,11.0526681106833
1,-134,5.00330632837865,37,-3.24496105215238,-362,0.818923345354686,12.8965566403489
1,-67,6.5826428217423,-6,-5.07685654912121,-267,1.10922908286812,9.31953442421791
1,123,6.61922944261024,19,-4.24777936982886,-648,1.36010584918576,11.5258516852817
1,108,7.24290975701714,63,-1.78088641802586,-90,0.432803372135471,8.19074418223102
0,8,7.79614734700393,6,-5.66948945148124,-732,0.40059154707386,7.61437844907264
0,-90,8.73761002879663,6,-6.80916488960521,-346,-0.623776918004476,12.3199406036359
0,24,6.63914442468627,6,-8.00999915958925,42,-0.804040587428099,12.2607866279639
0,72,6.55428666193548,9,-0.939191654983415,-552,-1.01761953654026,8.56568785697471
0,169,6.83039683101754,1,-3.91873114280686,-648,0.606865753674688,14.5019571501787
0,127,7.42146707620776,9,-12.1240652643959,-169,0.906341971979391,15.4455441154146
0,-83,7.88563190366332,32,-2.93863940426662,-11,0.866475621776788,8.46912643342646
0,270,6.89674360664572,19,0.420226855773694,-119,-1.49022705541849,13.4512951897059
0,112,7.42649942197472,14,-4.15163428593064,52,0.923746158589098,6.11005494026347
0,7,6.82456004953228,12,-5.83509980718453,-95,-0.534758028227083,7.92323315451232
0,84,6.45831598727507,9,-3.75237817751815,-28,0.0683585128230517,13.5882863363203
0,71,7.07122280869027,27,-5.29456554819094,-22,1.14119834696439,8.90971534762748
0,1,8.16952030404284,4,-3.74830842873561,58,-2.42677339128387,4.3924990095775
0,-57,6.0067676965011,4,-0.230622521295573,-211,-0.619105480920679,4.68553416845963
0,14,7.61988415914975,30,1.64076408181549,-86,-0.867949336799232,11.1902807226619
0,-6,8.00497214849164,20,-0.346250584660504,-92,0.34703303728678,6.56835568726094
0,-56,7.22040550942405,2,-2.08226792238364,-769,-0.887499287685243,10.66352825187
0,22,7.19938834688443,2,-3.25472369113422,-126,-1.9966570196566,9.26249135976014
0,3,6.20819738954495,2,3.31998907275182,224,-1.17414480307754,3.90928526547619
0,-230,5.79440992843177,7,-1.70399540937091,-206,-1.43400734114793,12.5675463236305
0,-51,6.32116656828098,8,-4.6779845847158,-906,0.21173368225696,14.8694963557478
0,-83,6.92458422159541,0,-0.914515000891049,187,-1.04950877453568,5.37771648402162
0,231,5.37032719030607,4,-3.03623608252758,-211,-1.80065889947101,10.8608220152312
0,27,8.05261191775122,7,-5.35719723988504,-73,0.351158470247532,5.49230896486116
0,54,6.14510413391027,6,-2.28079563679029,130,-0.947731561936616,6.13419510775316
0,96,6.95906371013979,14,-2.93925941679507,266,-0.943404812441896,9.39427012567652
0,-79,7.50575412434929,4,-1.53737105129391,-346,0.902796036956212,5.63732822518629
0,-50,6.34864265045942,2,-4.55206740001954,-702,-0.69954728708451,11.2307728877654
0,103,7.48528151059448,3,2.44417530576289,51,-0.304021853820224,8.61066722803298
0,-118,6.81520239321001,8,-6.20132383462356,-646,0.395170208724575,6.69222891123341
0,59,7.67745358211817,4,0.778420994742285,-396,-1.81065142390021,8.25231737585074
0,37,7.03763153691477,9,-2.36124939668695,13,1.36388721849526,9.1519462360687
0,59,7.55466349628214,12,-2.49453389891345,-890,-0.141558233493782,4.07983413526666
0,215,6.84422350484268,10,-9.40308055466794,130,0.993936068618273,4.27656410835978
0,45,8.09106809756069,13,-2.84255726026706,130,-0.32198549369152,9.28802445563792
0,-12,7.05466788871495,5,0.278819781614702,-412,1.07244418180745,8.38150866159779
0,15,6.71799035040728,2,-8.54649675653248,-406,1.0500694953239,9.19299619080679
0,126,6.82731385510935,4,-9.06710859738991,760,-0.0863712995392444,8.19780903392553
0,73,8.7810470014028,11,-9.07060394828769,908,-0.840782713843782,11.7807818522677
0,-14,6.88288977470153,3,-11.6233500114522,16,-1.44378901194343,4.16640388271393
0,-3,7.78858841891085,15,-2.93480941248996,-557,0.786497569103184,13.7895668255459
0,-46,7.45005473088984,8,0.796785992451119,-234,-2.48220623418642,8.19536580534003
0,-10,7.67724605187144,9,-8.15096790849856,-185,1.04295645060535,7.65233214738171
0,117,4.18506986499581,16,-1.80278981930599,-237,-1.60790079645328,5.4392080345886
0,-133,6.80896689485007,47,-0.439993555224007,-434,0.404419297598197,12.6404565021219
0,-192,6.24358545119379,3,-7.833241905356,-531,-1.48086756023077,4.90865676613677
0,91,7.9584400963812,0,-3.91881803396746,494,0.609075928792084,7.99433846893186
0,-12,6.39824906356881,0,4.31437558815499,-803,0.0347600870749758,8.88418683976114
0,-19,8.3948158993105,8,-10.1778448943403,-82,-1.49344368111335,12.7181792067974
0,-240,5.78382809436232,17,-5.73774535125504,-62,0.876904448496008,0.662812129649808
0,-140,7.94735129943415,1,-4.06754143850984,551,-1.74656132429572,8.6641566829819
0,-50,7.18073063779254,3,1.74337089168752,-506,0.3651561383596,9.96436518902273
0,28,8.25703200144462,29,-1.63529744071604,-143,-1.47602976140287,7.10639491314164
0,-72,7.07188383619705,24,-8.99241473589699,-127,-1.35400164834581,6.85584128154859
0,154,7.01956994141549,14,-6.44464261876358,3,-0.822526039502379,6.12328872102063
0,-56,7.165079171055,13,-5.83814552374887,483,0.0782654661833119,10.5692085869045
0,-15,6.9208483055042,3,-5.79328736517902,357,-0.136081162715839,7.12276098804122
0,-125,8.01658376564094,12,-5.13812429491655,143,-0.909863988777289,7.10661644264062
0,-83,6.73716454309625,15,-4.84814939282768,-385,-0.418341664750786,14.0749513342988
0,15,7.83152867348424,19,-3.56369438312246,-175,-1.83130131992034,12.3095150828595
0,36,7.79972649918939,10,-8.29102626515481,-990,-0.786558237800292,10.2423710304624
0,-73,6.20079595207773,13,-4.24747067934228,-326,1.11628743299332,4.03664284783342
0,-24,6.70676416904143,27,1.81043611266242,480,-0.19961134262479,5.55117861419401
0,36,7.52747448523356,2,0.643037855959077,-337,-2.17725400091228,8.1518502389764
0,-249,7.69620642765289,15,-12.2934138455975,-845,-1.5776813035631,8.40275546815177
0,13,6.70703102560628,16,-9.53136045192696,-757,-0.255438287425319,10.0293514736463
0,-100,7.41214968988325,8,0.70902441741692,457,0.254538559262117,12.971938000462
0,153,7.25375779157923,1,8.91720352040872,-521,2.38998775778546,11.0357128305519
0,48,7.71394851241171,2,-7.77107079441187,231,-1.54646936291195,3.3798397881629
0,14,7.37078490249427,2,-5.58953208617562,296,-0.0395053942212203,4.95795075086244
0,-52,7.34757559314116,3,-3.43780886846564,-945,-0.938103772930655,8.23881462835278
0,157,6.89863771063268,3,-2.87681498575896,-350,0.580984710425283,11.6531399996646
0,32,6.72810996772994,36,0.898688748147095,-702,0.784243907469563,8.98813552866929
0,23,5.97185355811349,31,-4.84907476071873,19,-0.42580865510366,4.79844564587207
0,148,5.99807036782786,21,-4.76423016266067,-208,0.278016979538222,8.03847861393379
0,-4,6.47443641165078,9,-1.54574031088273,-336,1.52993605774752,10.6906710414651
0,-109,8.96987674036247,12,-6.17598468823445,-886,0.253840178593834,13.1213555921525
0,203,6.06978265837189,2,4.59879289540123,-383,-0.512351521136181,5.85651126400066
0,-56,6.4312035552157,6,1.05897285997807,-310,0.413060218923072,6.69789219305169
0,-39,6.40453479214739,6,1.60893812348314,-147,-0.675495504947329,10.4889256720583
0,77,8.02172480254744,4,-1.45874852246692,-656,1.27801352235166,10.8148466838716
0,-88,6.56532648808381,0,0.34748801759965,232,1.28809264258093,15.742368127377
0,-102,7.98415158365401,4,-0.408429800048936,-400,-0.388725304044538,4.63300422473885
0,38,6.95863937827657,0,-4.153459342415,-637,-0.655754085656367,8.70192174881572
0,-5,7.48822334132554,24,-5.85340236354775,-585,-0.912851448128152,8.7635777332152
0,38,6.154394499694,2,-3.76956512087142,-719,0.214802609899887,7.55778577906425
0,88,7.636637454624,19,-10.1364619069648,65,-0.797454517015933,8.25886660460839
0,-6,5.48523542015975,17,-0.252144332751973,-335,1.10966374241179,7.6611108288546
0,8,6.95561076393319,13,-2.56741924121562,-641,-0.300788338580377,3.45141006616349
0,23,6.96837216003798,10,-1.65579156677003,116,-0.749480851270744,6.17916957460387
0,162,7.3234520937589,6,-4.64349510581184,805,1.27002856727767,13.2629717736661
0,-221,7.54772357862262,2,0.124154174610656,-491,0.473312331232045,10.1639826679658
0,-71,7.87915814804659,31,2.21799123680173,26,-0.46321302437967,12.7589168182739
0,-21,7.67912450262416,5,-3.39269042926608,-948,0.310647449374052,1.82187676403587
0,77,8.38248633442626,0,-7.14670529594774,-120,-0.678381640056904,11.6530452676558
0,191,7.19372430844829,12,-0.380142744484718,93,-0.54171183209951,9.77266507436772
0,51,5.74981365639974,0,-3.46024400533404,-97,0.487513517696692,18.6705320939624
0,132,8.07813427035046,17,-3.45062863580742,-680,-0.420822292643586,8.17016439247889
0,5,6.50598856542162,7,-6.6700872495831,312,-1.4195618103975,7.30266026998116
0,-24,7.82294294675271,2,-6.57116970423406,-380,-1.28487549057585,11.9750929691662
0,60,8.5240842175489,2,-2.12540821324561,-523,0.028003351855382,9.5995140841902
0,58,6.48846234356853,12,0.46690803367539,-78,0.659718549077133,5.11592734534967
0,-33,5.82169431769902,4,-1.05147431507885,-648,0.567216142734759,12.6506953320413
0,-6,5.98303279567312,52,-5.28176084678708,-461,1.63473623177734,8.68314380316131
0,37,7.86020785741481,5,-9.57496375658601,995,-0.695299327312196,14.5549449224305
0,74,8.23555623234546,17,-3.22829133697687,-980,1.24997680012968,12.8979354567698
0,-141,7.61173216833956,23,-6.8184779582313,-1522,0.771678528493732,2.48581778739303
0,-35,8.10774948637175,0,-0.721860197592112,-269,0.87859122782901,10.8938760575422
0,139,4.52822721240444,9,-3.75162861232582,9,1.63875471110981,3.80157614649083
0,87,7.37485985977736,7,-6.52877348766384,-127,-0.568609533676908,8.43307967879985
0,-45,5.79948893102968,17,1.24737029763673,-98,-0.304498106638134,4.50645636062159
0,141,7.00968338588369,9,-7.11951066913733,363,1.08664795344374,9.61824690478223
0,-191,6.52344059148168,1,-8.87799494642195,-83,0.369574298555202,4.86571853367459
0,-60,7.87690902301953,15,-0.698199505373649,-364,1.3751996239899,13.5048728644862
0,-109,7.16294405918088,26,-5.9484543204977,-388,1.58159870314926,7.00761246546029
0,80,7.15649779381707,6,-6.44555897319841,-230,-0.910104324471923,10.4220584017983
0,47,6.81441019256392,2,-0.971922481984973,-301,0.991153143501923,11.7708871081355
0,-70,6.71077527413104,29,0.44128383229218,-460,0.56670592070341,7.9648107912571
0,-46,7.3613093977314,3,-6.48243784195115,-340,-0.374799446318071,10.1997044862234
0,88,6.45351154624538,0,0.0198462772806387,116,-1.15799696142111,10.2136266450604
0,38,7.02753036904056,4,-3.25063923046606,-763,0.704066830980176,10.8818374085366
0,35,7.4890634689999,13,-0.458872058635216,650,0.0947106129499194,11.4050015105345
0,-13,6.76171038110868,19,2.40605985306918,-364,-1.18933410264307,10.9072030818287
0,2,7.50928457703434,7,-2.44629354166069,-87,-1.10456051320775,10.178073017215
0,60,7.4275923426427,18,-0.710240783901145,496,-0.422813609195337,9.10474328232369
0,65,7.78307972151178,5,-5.58434153175775,-296,-2.40072795964145,8.61118859890912
0,72,5.53923881763527,25,0.0584777371035861,-396,-1.32967186074321,13.6820322868025
0,150,6.1082732058521,10,-8.20414692736475,-93,-1.3345867845837,3.96900213651629
0,108,6.60169107232429,2,0.819132266233141,86,-0.820735677155855,12.9058069175021
0,-43,7.95452774345272,0,-4.00392815301326,-607,-2.11660991793152,7.33480996800493
0,-44,7.77580839016006,1,-3.74621988738082,-331,3.3260962834871,5.23657485770498
0,-153,7.62137942039159,9,-0.991880245479015,-38,2.44439515020087,7.13901248568639
0,49,7.27925635596755,7,-4.65025940745786,353,1.20531113186502,10.5146486826416
0,-45,7.30588432727326,7,0.107447080253183,-255,0.632784987736029,4.75422888424433
0,-66,6.56019516929532,2,-2.25451671293007,-515,0.126901119213519,13.7435315106287
0,-51,8.48097496894555,3,-2.63174094139313,104,-0.682526994392017,10.4566279287303
0,9,5.83196846755379,8,-9.88199622540158,-539,-0.715658512434595,9.45134228944229
0,-82,7.18005991488344,6,-4.19085722795248,-397,0.0596366533807838,8.93982780054974
0,78,6.61507948974872,43,-4.84560350281163,-373,0.924133984833509,5.38567061173817
0,122,7.13824472804325,9,-2.20142383279938,128,0.543025470500071,9.50193389892605
0,-20,7.08663752434714,7,-2.50798824641122,35,-0.110589088640294,13.1380026895144
0,2,8.08946512670533,43,-1.17842497261899,21,-0.48495773385948,4.34706965237482
0,-19,7.07132723464521,6,-3.54841507004316,-361,-0.207284480335372,5.43200310981333
0,-15,4.96754548385014,1,-6.72230656161552,35,-1.21415061076467,7.27491848636954
0,36,6.85779669342484,0,-6.39706783768475,-436,-0.523844761404418,13.6192183780765
0,-10,8.0120438985132,0,-1.99574517138795,-209,0.677010106319197,6.24855455475512
0,-29,5.99662133738202,5,-8.30379473337587,-685,0.826482048703587,6.88127246272428
0,70,7.69613220135397,6,-1.44083375700697,-327,0.411877820154563,7.27992383083379
0,-67,8.0261257899334,0,-0.824511488059237,-17,-0.0596572898021977,15.2336287853061
0,-7,7.8837862093149,10,-6.09130536191569,225,-0.548416414282947,16.1652730980158
0,45,7.91363687705213,3,-5.83896099403992,-373,0.849622740442521,6.75959042632249
0,201,7.76718990359494,9,1.66327331045347,-188,0.345612022670284,6.14001662766906
0,-178,6.46126299728362,2,-3.17824433252714,-100,-1.60651703211521,11.2922603169523
0,-35,8.20607001720817,43,-2.31056375795159,-29,1.21148700331745,3.28396691997966
0,62,7.14483836203073,0,-2.82433309254295,82,-0.185362441057398,7.73684265199684
0,-101,6.54493649051966,8,2.24904679516234,-108,0.289181579633976,6.12769889681314
0,-45,7.44964839220739,24,3.46280366085271,-39,-0.406110148002249,12.1546125874576
0,27,7.11593703475779,1,-11.2653869844641,-281,-0.571653951719625,15.2041714367971
0,-43,6.55087939384838,1,-3.84841782964871,-152,2.12515928207465,9.22031547119354
0,155,4.69401725955531,43,4.55910050994646,264,0.603940711360365,11.8025303131351
0,87,7.89271627447914,14,1.49466035168903,681,0.369398470308334,12.5792702379604
0,36,6.27686480286644,0,-8.53719227159769,-420,-0.329965281255371,6.36471112995844
0,55,6.47026616425363,12,1.59987821080849,480,0.0357070813665402,3.73255834378945
0,-6,8.17130564917692,0,-10.824946291197,-248,-1.19325395568287,9.62015929530526
0,-52,7.8999214368042,4,-6.69383770835433,213,0.931649728239636,5.42985656314278
0,-53,8.19828720457042,13,-8.38435119232481,51,-1.79917162872127,6.33595878958707
0,114,7.63782045371658,12,-4.9298276620844,-437,1.04498834633603,3.51415079365421
0,62,7.49715148903904,0,-0.378515539840975,-567,1.4391782176466,12.8796443429053
0,-103,5.89463859072225,2,-5.27033875788242,-480,1.26423285549173,3.57792576614393
0,-11,7.04795253161039,0,-8.07358546122042,224,1.70417823630702,12.8124838521109
0,-44,6.81037448905968,7,-4.11851494144208,234,0.19659605822569,12.536933045697
0,-29,7.45896943456153,44,-14.7585644627238,-427,-0.978893901949435,6.73683215905257
0,54,7.82593763028028,9,-0.819844660807215,-360,-1.76863377020212,7.38332954097041
0,-4,6.85333739535541,1,-12.126344179306,163,1.02906808137635,4.66887610618083
0,-90,7.11626609854167,2,-3.9115254392564,-343,1.59219732464505,9.41354310216222
0,-41,6.47178405647461,12,-7.54935380108806,-46,0.48062316057641,10.1456478925935
0,-118,7.8609589521524,3,-0.24876487409855,-11,-1.33519527743743,8.40494578484825
0,-105,7.0900917449041,11,-4.00357912051836,17,-0.626077018570164,9.45037012721218
0,10,5.91086534789541,10,-2.05062301963788,366,-2.52266480119911,11.8166696512595
0,-122,6.5574435329078,0,-1.78262456732437,280,-0.962332352251849,5.19930616721774
0,-203,6.83974180319626,1,-3.0919681286339,-502,-1.23452013056738,10.6251021798227
0,-231,7.36879657239494,10,-1.75814140451298,-812,0.319673598060796,11.9849747633147
0,-87,6.87061754859037,3,-5.93176096364822,-677,-0.388586660986957,11.7355304764758
0,51,7.01879065134569,0,-4.83669262395325,-759,0.721522788996694,14.6924776377801
0,222,5.31049962051719,2,-2.27228284352822,193,0.818629085264106,8.32603528632868
0,13,8.10023615605783,8,-3.52682431756045,-1262,-0.499138360751639,5.39042888960328
0,71,6.15814636627505,8,-4.63295097813638,297,0.32415762631935,12.5384016155219
0,-311,6.73700016342513,9,-2.60054736088143,-214,0.265434700672395,11.7604025593997
0,-85,6.86060304834044,4,-8.71423814557822,-436,-0.490564724542189,10.5113427545828
0,46,6.34190093590549,1,1.44049625695051,-628,0.815621711210332,2.02975145953738
0,89,6.52009661272989,4,-10.3034264382725,-379,0.099602782988572,7.90148274237068
0,-178,6.98313434225675,22,-8.1607692481095,-505,-1.1487217871837,7.0124499143329
0,-86,6.45376342325814,9,-2.43230957909146,-615,-1.29763295005334,6.02338147804385
0,55,5.51518572661119,4,1.21143279269725,-528,-0.785202613411957,9.83409092447762
0,-95,7.82113605868801,24,-5.70275636243681,19,-0.0929523662758312,6.63079858165016
0,54,8.90370714181264,22,1.58267278731755,-904,-1.03647366114226,11.7916392063379
0,75,8.09375084259156,17,-1.99961517834748,-383,0.322373938035031,8.5376993108733
0,123,6.23880718491924,4,-8.4157324845112,106,-0.428586464159202,11.4165594350944
0,135,7.19107710151194,41,-2.92125978661445,-550,0.544238323875328,8.98680664286044
0,-6,6.51288781737297,15,-8.05741164450993,-514,-0.683861184684985,13.8945954554696
0,-158,8.51388447869565,5,-2.30899725492913,-1110,-0.206674470261699,11.1306181402015
0,84,7.46195622447927,5,-2.23680426467525,-306,-0.769735129221384,14.5514806814943
0,18,8.28422984705694,26,5.14446650132016,445,-2.76610424913753,5.5910372586719
0,-136,7.73136122993565,4,-9.61605449463129,-66,-0.619112512245943,9.25185120660668
0,4,7.73099502098242,1,0.297460349284132,-375,-0.159585383844749,9.19613987297605
0,-82,6.00450105051883,3,-5.85227495904045,422,0.142818769083234,5.10750213255386
0,92,6.62427441007931,4,-5.05836618866265,-896,0.207004383462854,6.19217419827127
0,273,7.18028341700632,15,-10.1799236497666,-630,0.943624738944913,3.29112067458487
0,-27,7.74923121061703,11,-3.57640794495308,-1077,1.74970894542475,9.4901166270701
0,-194,7.41135900070275,1,2.17506493110049,158,-0.0530664684660505,9.83058536088185
0,-241,7.39536611732983,10,-2.59422540293111,402,-0.439523458289507,10.7238014725377
0,201,7.76072033805441,5,-5.49605979748852,-117,0.552088854972281,13.5463477183308
0,-88,6.19174174237649,9,-8.25345579687951,517,0.279405577254626,13.2667710665689
0,11,7.05874433474078,2,0.912891016569035,97,0.322143989035963,12.6168742508617
0,-66,7.01629548770561,4,4.56511984820381,-128,-1.27727347180414,7.96123757339447
0,-54,7.70886305464701,5,-1.74619521061224,-573,0.102720204864719,16.6004853332592
0,-82,5.64955575771167,14,-8.75356142562342,48,0.463542164858427,5.03630877186606
0,90,8.43146058555945,3,-6.55290677343314,294,-0.416423417271361,13.2001650632278
0,61,7.2085281121392,5,-1.39332194465676,-10,-1.1508451923935,10.9571541899168
0,-14,7.56692153126515,0,-6.07041270536079,-331,-0.810619480073655,15.6530640691158
0,63,8.44833946691808,4,-2.00624866467625,-200,0.477921476299409,6.87306727829399
0,-68,6.65498660367713,12,-7.17056572798808,-703,-0.963041078918342,4.68615505973796
0,1,4.75207892373843,7,-13.0809704364208,-525,-0.174220889251631,11.0796280069515
0,-47,8.22442408264036,0,-11.672272816586,1245,-0.753694277144481,11.9941923524651
0,16,7.32060349866916,43,-9.88419238113962,-320,-0.244099136757625,8.04521042293593
0,13,6.40002042035984,6,-6.17287876107492,-56,1.15838049623183,6.96606848566356
0,-38,9.03703721814628,18,-3.68254478053304,-184,-1.21982449754079,12.1202800788471
0,-9,7.5913970006363,3,-6.46041035239215,-543,-0.266384968660149,11.4861464375532
0,1,6.90741908015678,4,-0.102672887079146,-413,2.49090267707836,7.58339794330792
0,-147,8.01765962326994,12,1.87895693527311,-659,-0.515506744942799,11.8693656071698
0,-17,7.11789970689316,0,-11.4354925845179,-830,0.0661936270726221,11.6192419143954
0,-12,7.78073402716361,3,-0.878555052016594,-415,-2.26336609110315,12.5607667422823
0,-124,7.49755545062542,0,-3.08390108085434,652,0.139343004483935,9.37516528917874
0,-155,6.2134351718827,10,-10.5804859813296,-941,-1.49492654926879,3.99299517817387
0,-32,8.28596311588131,16,-3.62714728936769,-539,-1.73677164809454,8.21452523949675
0,-46,7.36875122654296,49,8.24493946659564,-307,2.28451126373022,8.77845699427877
0,-48,8.47517989786364,0,-2.73534984394988,-232,-0.19438522443898,12.3193763219682
0,-35,6.50479799956366,4,-1.55568606806254,188,-0.162408494368146,13.9555718533494
0,-87,8.19944025369641,5,-5.66967110391309,-520,0.410646897059737,11.8341836960459
0,102,7.41294037262213,17,-3.67921133298668,-336,0.795497615874555,9.65346841726224
0,-38,7.70260198415119,0,-1.73239774695592,-13,-0.22330477776002,5.37077554008666
0,-88,8.12007092494479,6,-3.10187773676621,274,0.461546472104189,4.86208051904641
0,41,6.81713242722321,6,-5.79664882848073,-380,0.36040396135061,8.76199756002693
0,16,7.42214350864363,20,-2.35574523220931,-298,-0.374062021703125,10.9522218187718
0,119,7.63560998037063,21,-4.31575482526167,9,-0.665572607627075,9.74794462654585
0,-26,7.61338918340469,13,3.08504829197,20,-1.06039982937573,7.55081624250899
0,51,6.75213351927946,14,-6.17391095775966,-498,-1.84858869368031,13.4141922342294
0,-13,7.9619852612984,9,-5.02058334734846,-385,1.10077578048337,10.6421622453416
0,55,7.83439325867489,3,-1.85566840195325,-387,-1.042137260294,2.08352046306496
0,9,5.18735110057385,8,-9.70469432098956,-481,-1.22397937800287,9.79831753317399
0,-156,7.37174497292461,11,-7.8161035534054,-222,1.23130199151335,4.62948525964446
0,-82,5.10777045903455,10,1.22926282426931,-583,-0.774834802343746,12.5935965619556
0,193,5.80479807839925,15,-7.30992148831237,-510,-1.66902681671456,8.89438575016971
0,74,7.69877622351725,3,-3.75884619135359,391,0.0566205632181424,7.88083791933274
0,-113,7.81020873697108,4,-9.40265220475425,162,0.382561070140203,5.17718230786028
0,11,6.9673857878352,8,-1.19937926362699,-578,0.164276152603204,9.14198645848577
0,-57,8.23382020462322,28,0.379115484285598,-565,0.788735495172715,6.61593416067145
0,10,7.59029261237364,3,-7.89027554923218,-897,-0.72128384328226,9.48541776736057
0,-14,7.87091085769408,0,-2.43480844076227,-623,0.00561462100425644,0.881755965562252
0,3,7.00784751950819,1,-6.04586338069926,5,1.48991126537311,11.4864358230217
0,102,7.22452015441617,10,-2.58259580248579,-249,1.14507479530182,9.96972362642988
0,53,6.16196262051269,6,5.37511096557651,95,-1.86182482820723,13.0980312831543
0,-183,7.32679620309967,8,-2.25903224243315,235,-0.273446508159745,3.21337722621861
0,-34,7.13872046684443,0,0.786613610689509,-413,0.68815090794432,10.8088975883499
0,72,5.68176957504209,3,-0.26217909761796,-648,-1.30945103570732,11.2233087752336
0,118,6.54876304844095,2,-8.58303377799495,-452,-0.847331944934359,3.64819342360256
0,-54,7.21992148104197,2,-5.96165509310512,-265,0.14743706216512,3.49368191546495
0,60,6.36227474626821,22,-7.26178112152535,-92,0.599305419050884,8.15340323628516
0,24,5.63826744001802,35,1.20870631736021,180,-1.12110594423116,6.72253383591408
0,65,6.47859367221506,7,-5.63569374963503,140,-1.86263093054783,11.8968524960136
0,-43,6.87937045546293,8,-5.01117919746582,-730,-0.838012139793763,11.8477839164824
0,27,7.71881037630025,8,1.57255926547481,-462,-0.142952306079654,14.237616469765
0,-19,8.57992912664465,16,-5.79782071779381,-339,-0.222033566029019,5.54545489234482
0,51,7.72599451663087,3,-4.09529515540536,-203,0.756230800119828,9.28458699953528
0,-15,5.49346173096635,11,-2.64418545334572,-30,-0.192833710160233,11.6789052015666
0,46,8.6067051582802,26,-3.89241077156224,-48,-0.624760037551044,11.8966031957242
0,106,7.79727821661976,7,-6.13165569822786,213,-0.865404553027305,5.63882358002765
0,-68,7.46136936737969,14,-4.84333793076802,-152,1.38588051991527,2.19043392078389
0,-163,5.97090137357647,30,5.16639591203032,-986,-0.942740748196557,12.3664901848759
0,-83,7.91281850549101,18,1.00838928744968,-93,-0.34360287690726,12.6281551778384
0,108,8.48549969831447,15,2.22203047729925,116,0.426719926374925,12.4605537226018
0,-108,7.19346957465452,0,-3.97229031237741,260,1.3030674931421,9.32294036792739
0,-121,8.87070296677748,11,-3.05214925092299,-470,0.19751951616993,13.002225267711
0,-9,6.90579765203797,4,-0.602856712329077,464,-0.732309072528086,1.75719260003754
0,-19,7.78291225261307,10,-9.488058853328,-455,1.94366036753418,6.40069031764364
0,137,7.06809176351116,4,1.62522062336675,641,-1.37214098089658,10.1002196405602
0,-53,7.20369823329107,5,-2.44093887799799,-297,-0.845003153906205,9.92751804683715
0,90,8.04728447416056,10,0.8278248219501,-486,-1.09268500690574,10.1222336658042
0,-23,7.18706543548371,2,-8.0151261376554,-134,0.0671272106775149,9.52591208085379
0,117,7.77630906292013,7,-7.41976954256258,-177,-1.76627298455711,2.83650888892938
0,-320,8.68146654169582,6,-6.64586772159889,-452,-0.112924087751061,7.64294647187725
0,-85,8.45162108628348,10,-2.66888775096785,-380,-0.96714874517568,10.014446432629
0,8,8.41311292841257,7,-11.6528951558592,-28,0.342281423577934,12.0124615476232
0,46,8.03882330464825,12,-0.854549255749153,60,0.831367922773265,5.11063529966932
0,7,7.42346727124191,13,-4.76310568504363,-343,1.35334785050089,3.68472812330003
0,-44,7.83793013315164,11,-4.29006184605058,327,0.239972957069938,14.1538310412546
0,7,8.24360918421143,7,-1.76189750127762,-239,0.421409869581239,9.65305876061262
0,135,7.45477487351695,13,-9.05055030399198,-339,-0.268441573687976,7.73344300920162
0,140,7.23852903734093,10,-4.06035085063542,90,-0.207563134943213,9.70992993436598
0,-15,6.69694076013851,29,-7.08349575142163,-1105,-0.349827398567454,4.67512763506371
0,-182,6.42809241405067,3,1.1052071613994,32,-0.844450995067253,7.75230566660026
0,-17,6.46853842806936,4,-10.5138701337182,69,-1.37194247190622,5.33644704263036
0,200,6.95794383482565,32,-4.18485075672226,-737,-1.58766371031556,10.6949972927676
0,-11,5.23736778182018,3,-1.01957274777017,77,-0.263650519141044,5.08780895811885
0,-274,7.6044408846642,6,-2.79161522323443,-141,-0.218549571844963,5.50923590376924
0,135,6.40863151049314,3,-2.52240458967855,-225,0.51616739835897,5.92546748132678
0,-142,6.9597268712854,2,-1.24046332607793,-736,-1.83209051760908,10.9109448441087
0,-23,8.09062125989366,6,0.793986306429982,-201,0.0716467809754796,6.69629264163662
0,-147,6.37695500321056,20,-0.904885695549518,-748,0.493436947423323,5.18081427097329
0,136,7.34667646947295,19,-2.3273648813398,-1068,-0.644796674254228,13.8964691569523
0,147,6.40629830203737,1,1.30423336999184,-267,0.702516821190521,10.6268480329454
0,123,5.55894654818348,13,-8.97147304628681,326,-0.104933739433021,3.97036073227251
0,-90,5.52199181900421,23,-2.18481866354318,-452,0.753946916483291,9.88693389443059
0,101,7.42297033100189,7,2.06769727933815,432,0.4195011149523,4.74956502422607
0,-40,8.51422795874655,5,-1.37585553184262,-254,0.346221644254023,9.48795377794173
0,147,8.77091619191757,5,-0.903959704107894,-373,0.541580449913977,4.83005076865869
0,45,7.69517549244213,0,5.7688114569891,-283,0.654413814386033,7.42376338779546
0,-2,7.66069635894325,15,4.23323316814813,-222,0.16370959793562,8.5983207186289
0,57,8.00024036763698,30,-2.1790883378384,-9,-0.621478581290594,11.3707030868355
0,83,5.60742735071064,9,-7.17732309801182,-170,1.01784598350163,8.59187502935612
0,-129,8.22749239423367,0,4.51518733588446,283,-0.647623895246524,8.5284957656241
0,-64,8.00018392802482,6,-4.11984070254076,-187,0.351885426198276,7.49931197761568
0,56,7.06941050036136,4,-4.88132073428867,-450,1.03447676035903,7.66910970382254
0,-117,6.97585085930067,3,-3.4009951950531,-409,-0.604453856715178,8.21597709618258
0,-56,7.04197959788246,28,-4.19323423391694,87,-0.257890048331555,6.86988248132887
0,87,7.41606730172595,9,-7.39098912760492,-232,1.78413614164784,10.4433333585594
0,50,6.94867960875645,2,-0.13094612286246,-670,-0.147736239300061,8.8781850315999
0,-128,6.84221672038726,10,-6.64832238386998,75,0.607884689615911,7.7223066332849
0,-49,8.2003265707591,4,-3.51867050444488,58,-0.320885645743709,8.95660353839641
0,-84,7.03670045190818,12,-6.56207366063553,-660,-0.415773703994938,5.64058802110303
0,38,7.7949714638142,13,-1.46678179085041,-65,1.36650875384533,11.2355378152465
0,78,6.94176597023736,2,-0.205541567371702,-520,0.349631434038088,7.36644641802221
0,7,6.56997470251946,10,-7.62901485528949,-317,-0.42188582465218,9.67390112810809
0,69,6.83351076396154,1,-3.52596011102284,-1046,-1.68785281880345,10.3178303604439
0,-134,7.38774138427685,12,-3.46177377642683,160,0.685471914306014,8.58785334962928
0,-104,7.35465308097283,42,-10.8873156674003,-706,-0.357410141617988,10.9042023343198
0,76,7.93779817411304,5,-6.50093165943204,5,0.88365826963272,3.45345898426473
0,31,7.51636285231074,41,1.72972917436585,28,0.363137463293301,8.02887705592453
0,-114,6.55674795870381,29,-6.81856757858904,163,-0.249420575473804,10.8429019717526
0,34,6.37051016781563,14,-4.89304246619388,75,-0.625233768845806,10.8583295789675
0,16,7.6879735982014,14,-8.38944502483346,165,-0.568330918796683,10.1754720697459
0,36,6.89929695431772,3,-7.06525291322436,-98,-0.754044553840907,12.9299376786623
0,36,7.70924001529985,4,-8.67025254458501,-577,0.138605036504197,6.73705150197839
0,30,7.1206431021489,7,-6.42417300022785,-1013,-0.644066476751448,9.58118049955304
0,-154,8.36975846053514,12,-0.7718487340888,66,-1.20844849320274,8.21355333084449
0,62,7.96058763718672,3,-13.420050633838,-135,-1.59851293753261,7.10798480647628
0,-75,8.7444708931941,2,-11.3722989337733,-557,-1.92243525255053,13.2352806576419
0,-40,6.70785660580637,0,-5.20060960260121,-400,0.316506206390902,9.31813889621996
0,-25,6.54771458557438,44,-6.09162142463725,231,-1.70005496688046,10.8434220259037
0,71,7.85174253054369,4,-5.50697492272479,159,0.024694758904328,7.26060074023525
0,-72,6.7704410350914,33,-5.15868175013079,179,0.672888368871231,6.96739905075407
0,-84,6.50151711494336,0,-4.10545266231354,-852,0.829120677508644,10.2771649549203
0,-32,5.93286947664009,1,4.84740286931684,616,1.19798931016322,9.60274724869626
0,-76,7.13135982215978,2,0.731117649682201,-649,-0.635899555008199,6.20666779080957
0,227,7.94773272469202,11,-9.24863507787407,-133,-0.203157746713727,9.07566913768571
0,-21,7.83136643127546,1,-7.74126216818568,-627,-1.31626344046961,11.1837767543131
0,-43,5.74824649496673,10,-6.41316191305134,-185,-1.11130920622245,3.2683611168394
0,-15,7.57108623982105,15,-8.92535320629732,312,-0.315963086294358,6.13221592728155
0,-32,6.34708013843888,6,-11.2411642659115,-350,-1.08802811250134,7.85833017621252
0,9,8.04019884999524,3,-10.5652326347182,334,-1.73862000098129,9.26266086888916
0,62,7.8951421730502,2,-3.35357910227114,-44,0.341776375156776,5.27225711150356
0,-64,8.40829683341195,9,-3.18205602609162,431,0.0383479418587171,5.2320285899546
0,81,6.80115544178706,11,-1.8855028225147,-670,-0.512480389572658,9.92161896036679
0,56,6.8913590562531,3,-2.46837016767441,-81,-0.321866524801772,14.2539104891452
0,-13,7.42433192863063,2,-2.51534491892653,-349,-1.40951240983945,10.1317159275916
0,-80,7.01459072448313,30,-5.7158764191222,23,1.06332120586108,10.8066583479594
0,93,7.73483248015761,8,-2.14091225487033,484,-0.645609982054612,6.707297133
0,-120,7.55861017152382,10,1.57497809741576,-1192,-2.01129814191065,7.77925852103108
0,80,8.09758923883493,11,3.89034509808257,-212,-1.18544282791107,9.8011265214955
0,30,6.50366346648164,6,-7.48769711639926,-346,0.284218089334424,8.10273212009218
0,165,7.01685023816827,12,0.0585711013185177,460,0.173033594919356,7.62477339309431
0,-36,6.8345338501909,0,-4.03344649484669,-177,0.506897148403879,5.42371011932356
0,-75,7.8620288301989,5,-7.86188723646026,171,-0.100002361851312,6.16314156191926
0,107,7.90958433249611,1,-4.86529951196758,-243,-0.359190115577026,9.12886193363345
0,97,7.8327170641321,5,-1.42714310125004,-421,0.0715490861541417,11.6205164892814
0,-142,5.72436302676534,4,-13.1569553341774,16,1.52613508671963,7.0312688605117
0,76,6.50624910657482,5,-7.9630246988984,-130,-0.359323042580049,9.47990787616575
0,86,7.00994473733411,4,-1.11466000049772,-347,-0.353042109620228,11.5499755404629
0,39,7.32413325964285,0,-2.1112565473192,585,1.56893321961091,8.3257757501858
0,99,6.18725128043324,1,-0.477169523142962,341,1.97103268921086,9.96251287168111
0,17,9.24841772149426,4,-4.06929223547988,273,-0.0894724044222972,4.09726947888346
0,-18,6.96277312751131,14,-0.94409748446208,-595,-0.664859400723187,4.43924562601885
0,-84,8.39130749179485,10,-13.8850710561456,8,-1.13372976560051,13.5914614458942
0,-51,7.32419248570845,0,-4.88703674218376,411,0.448087082263301,9.84415670346181
0,-63,7.67134137606208,4,2.59343040116039,174,0.510315033433559,15.1497719763745
0,144,7.89031106706393,6,-10.3001500410933,-458,0.176803709090432,12.2082332003958
0,36,6.78111481212943,1,-8.2338737867395,-516,0.926532294222535,9.87187093073342
0,-83,7.06755780331978,4,-2.93024426794898,377,-1.71233990638016,3.77957022333882
0,61,7.27945845446808,31,2.66729143137371,332,-1.38303341267598,5.99713899694563
0,-45,8.48821759066799,5,-0.0259117753069407,-36,-0.449823040086623,3.60858988237314
0,80,7.94512569001906,16,-3.91047468427976,-1200,-0.025306592251143,8.78038293483226
0,20,7.77201511614867,13,-4.17715826317423,27,-1.18372390342594,4.46015870203478
0,72,7.23159107591091,9,-12.5766532620001,167,-0.751301217939528,9.24879849080456
0,208,8.81513941038367,1,-7.68062853147099,-357,1.36865644062069,8.2842687767521
0,6,7.07687984405543,5,-1.11571115882093,326,0.396460319926201,6.64247682782358
0,-106,6.77150935512135,14,-9.03297675793346,172,1.3730569488157,10.3058263483445
0,-64,6.40886498506889,10,-9.0234639201361,-428,0.804452856203436,15.8520578902209
0,172,8.20317586961996,1,-8.50302872286735,-2,0.871871939041441,8.8506479723149
0,-77,7.68011352524209,4,-9.32413240493741,107,0.221821085666461,6.78861430385651
0,166,8.27990400696545,8,-4.85203696693259,-438,-0.214939211147025,8.19751728443752
0,-19,7.94243979511701,9,1.40990859344906,-226,-2.11071511299738,7.23661955355359
0,41,5.72728230701164,3,-4.60712993036252,-811,0.313886751864367,8.73505151433874
0,-86,7.74817135723339,0,2.07744505640644,117,0.291396125255893,7.04172216135366
0,-49,7.33178595571117,0,2.83789729902297,-169,1.75543395806151,10.3142955775056
0,174,7.25266361947982,2,-1.58856721665772,235,0.828218387982939,9.64180725778416
0,-80,6.30748445249438,9,-6.37403132876481,-316,0.0255868563974025,9.17365793744765
0,52,8.88151705929779,61,-11.1204021008125,-169,-0.321174063935927,13.5856151623038
0,-40,7.63930308258943,25,-6.21233897177549,-360,-0.527713947294079,7.91715603178776
0,296,6.60244566808748,6,-2.03516045968481,-226,0.407159773734837,10.5971902942858
0,112,5.98285980433409,1,-7.38278848620224,-397,-1.39675648196434,9.57445850751688
0,63,8.02464505265157,12,-4.89105909143818,-552,-1.03445846360123,12.3508018734647
0,-10,7.67006071448209,4,-7.16052941903578,-139,0.187460830357991,10.2787962221845
0,-42,7.61517023948965,0,-6.27297197631589,-236,1.04552030183303,11.5701103392039
0,168,7.0897908460319,10,-8.87770820483148,-810,0.254754395676406,9.98790693256516
0,-171,7.07491009461296,8,-10.2032606925861,77,-0.688649323298991,6.75666249729839
0,-56,8.00139221432214,24,-4.37709827652249,-1059,0.182842810510428,6.82446374947951
0,-41,5.04204943614213,12,-3.52674442459262,-32,-1.04865485209178,13.7651491839289
0,-224,7.76643100527122,4,-8.12354599515813,-761,-0.0279392183322769,9.38894925340325
0,101,8.26563700567043,5,-7.16172440443123,-210,-0.372131256464791,11.2393613269185
0,111,8.31776169775432,5,-0.430542528566765,-996,-1.42835639641301,4.55065681222603
0,18,5.91262157663827,27,-5.19613878784631,-642,-1.23222886107436,9.66566772792536
0,-250,6.69729001512784,20,-1.62294767263308,490,0.895032102350149,7.2767217468141
0,-99,7.68356739817254,5,-6.53004033136362,396,0.185879169930407,11.0590516492249
0,35,6.02816101534208,6,-8.65865689171616,-370,-0.0687391656502275,14.3681830346279
0,29,7.84341281432475,6,-5.08642941291143,-390,0.0853251331720593,12.2214779638248
0,-179,7.62971097262176,13,-4.715507376379,-433,-1.66620496999935,12.4078453962831
0,-46,6.07106678518974,0,-1.04521898239232,-682,1.23199263241804,7.29824637147642
0,179,6.29631653197168,11,-4.85524141373487,126,0.27464077929471,10.0865356164121
0,31,7.31191160422723,19,-9.19577060197236,372,1.5905255651352,11.3472276992576
0,-129,7.05730762604532,5,-0.880967765128319,-30,-0.81998231056391,13.7328102852197
0,60,7.45969511864306,1,-10.8398860562402,-766,1.07129044773275,6.84365572149054
0,-47,7.5344804134511,0,-0.635112466015462,-732,1.7236888204572,6.59964134562414
0,-92,8.38964478125244,12,3.3755999707648,-63,0.956984895112568,8.02808281832814
0,-49,7.69783347636779,28,-9.37484513095302,-325,2.0232813513758,14.1279368288897
0,176,6.29993913458768,26,0.185652414244218,-340,-0.392218127719607,13.8157386316898
0,-128,7.15767288238831,3,-2.29429797801568,-263,0.700049122617254,11.1352889313047
0,11,6.59167269521488,3,-3.72018595905822,-667,-0.442183599314593,9.51520048712788
0,-73,7.44898686476569,2,-2.60415850365996,-330,-0.682037286798789,7.18276088213666
0,-105,8.11474858670041,15,-2.17876711533208,-507,-0.895152248369873,5.62648650330303
0,133,7.32607189951102,5,-1.33424363291633,-808,0.740651060208702,7.37647536975276
0,-221,8.65845838187614,11,0.207744797581052,-949,0.0926063628543995,15.326526635852
0,32,7.54385425338316,4,-1.00074316638853,-567,0.803599999009944,11.3789066325513
0,44,7.20120559582628,2,-3.57607211773062,480,-1.0897236577331,11.1078986830121
0,60,6.56014268253089,17,-3.92576773434002,-92,0.727091368463943,7.44197783207864
0,-133,6.19851284601397,5,-12.5344540270898,190,0.243066326878306,13.1665147583918
0,18,4.17837206596495,3,-6.61246560739824,-660,-0.856393899248785,10.5733611471917
0,-56,8.21682713087605,11,3.94835449244678,516,-2.17686006722208,7.75054692230898
0,-158,6.46058670532357,0,0.386788341658534,-115,0.394351953722251,11.1682282457481
0,-35,6.69839357503081,8,-9.77247202461909,-844,-1.16035984919148,6.46278441863896
0,54,7.10372473706657,18,-1.17027579761777,-577,0.408551379974097,4.69408330296309
0,-55,6.77317429626348,6,-3.36634505530831,150,1.02835920725412,14.4925731808126
0,-73,7.98513281828681,6,0.452159029861416,-102,0.476299434561317,9.65865626830671
0,-24,7.09691039326728,6,5.41323320495379,-509,-0.106604934445627,6.45108942130242
0,75,6.1702816121103,12,-6.61181239562688,138,1.28850614541217,9.63880324917707
0,-121,6.61011221206032,0,-3.15905316760876,757,-0.941027036405944,2.51967915670123
0,-59,7.58609267052854,28,-6.264752945354,-603,-0.381744265200794,11.6185969165872
0,-26,7.86066914211554,1,0.398530558281564,-415,0.11709999188182,10.9628748096055
0,9,5.15951473013773,13,3.34240236474774,-373,-0.138485432411011,12.158999130958
0,99,7.21627170565638,21,-1.75736086699229,-242,0.27787545636428,10.8684618620913
0,15,6.81735488459626,5,5.48154798285813,7,0.0620153668308723,11.1092163287336
0,-92,5.86116696405432,11,-1.18857724398189,228,-1.12965778891851,6.9835071272267
0,66,7.02819653524224,5,-7.50069595203921,3,0.789478989644965,7.47091834334546
0,9,8.37249134443168,21,-10.4840766968611,23,-0.564747060719629,9.34583520950398
0,112,6.90634515921118,1,-2.58027942418872,-45,-0.403752223773094,5.8804678421214
0,-84,7.79526892950428,1,-2.34865658413665,-162,-0.4562857484332,10.828691041528
0,-11,6.73861227658169,0,-15.6567873231434,-674,-0.65938259675022,7.37858944909561
0,-88,8.35253883764864,15,-2.05914849423151,378,-1.12584963668444,12.6251109579787
0,170,7.57895576263076,2,-4.01081452806519,-175,-0.839977893984935,10.3596784147673
0,181,7.79241829115698,0,1.47777899833655,-104,0.239064299946962,7.27249058994632
0,117,8.80034286536534,8,-5.14365469153328,44,1.58201868659664,12.0115533387509
0,74,6.79011951283648,12,-12.4575798845838,113,-2.4012842470145,4.89605254968849
0,38,8.21336229061709,24,-1.64555468607747,-261,0.611050614366301,3.31989022045995
0,150,8.12966329502411,2,1.11503882861504,469,-1.20930602394505,15.3553749813172
0,-102,8.38625205375642,24,-9.55767566281775,-93,1.1666041488167,11.0885668779906
0,-184,6.84993072109249,5,3.31787656342331,174,-0.263083773902718,8.6069629369803
0,91,7.48900267136081,6,-8.80404645153727,226,-1.53843541609218,7.61351142198375
0,128,6.8917818039234,7,-2.15007009300951,-262,1.55955915167167,8.89443054562495
0,20,8.1924922559899,3,-10.1819118814487,-787,1.3971765811978,11.0068297416635
0,-51,7.49991876849217,32,-3.24499546315491,391,0.785373601862766,12.0340772896138
0,-54,6.6171331278485,0,-2.20149182255848,216,0.757754962430154,7.44953543051224
0,218,8.18620564994574,0,-11.3243869694577,31,-0.464381710245319,4.78641075022073
0,-241,6.5227940386179,1,-4.43223026632524,286,-0.452512878609186,6.02919067647455
0,-75,6.52613392673207,0,0.455043336037434,-328,0.157006031360027,3.11776363766266
0,9,7.67505053683998,0,2.70371962364569,8,1.07457255974821,8.78194547315965
0,-29,6.87703539783662,8,-5.17338531282122,-235,-0.126622654718802,2.8500643428394
0,-118,7.6127209920611,19,-3.55512664811927,-504,0.145709615371733,7.70271405440027
0,119,6.03388417885194,1,0.323395819491899,28,0.49393717284224,9.15613619675418
0,-144,7.05937738541471,1,-3.798903085784,531,-1.79200332721395,10.3426441411478
0,4,7.83422364339256,11,3.68109470237693,306,-0.182922704462342,4.26459931491799
0,55,5.97017091207377,22,-0.980933593157713,-198,-1.12012100225173,12.0802281368324
0,-71,6.85451055170788,10,-4.2655254735706,-74,-0.520280672789144,9.59207781090969
0,217,7.8861090269687,14,-12.0076481492271,-506,0.87609266395816,6.46957028978503
0,44,7.08436714014896,0,-3.69064940666051,-202,0.419132159402705,8.83193042967036
0,6,7.87010600680692,1,-5.78546545953179,-571,1.15987662692783,6.8481744460236
0,-41,8.39349328630444,6,-4.00048945968157,-344,-0.773137152791231,9.49658531216637
0,-52,8.2723724799951,22,-2.28741889694053,353,-1.32646901090849,13.3554802866027
0,28,5.83028393618755,2,-2.08910202787479,-374,-0.371107158866755,3.49867624006896
0,50,7.21886336178938,13,-8.90996564712898,-714,0.617827058877385,12.8871654132959
0,123,7.58773149736258,3,-6.30162631148548,-735,0.402555188167526,10.0648317967459
0,59,6.79514724936022,34,-2.89382544106946,-553,-1.0169738979293,14.0108437641033
0,-32,6.29399648011634,8,-6.21446236433645,42,-1.50799910009088,9.59126337364899
0,-18,6.16567009686994,7,-0.96156659441629,417,-0.900603763692883,12.6648898955792
0,-59,7.77555015202569,18,-3.30229449641686,-372,-1.1579250802145,10.6164087780051
0,4,8.22790312640434,5,-3.77993420187199,-299,0.0380238394644236,10.390126360899
0,3,8.0854201661049,5,-9.6412384042446,-348,-0.272738394040349,7.75480622552621
0,24,6.93654793441566,0,-1.72774919283763,-659,0.148239459760563,4.89395336984167
0,41,7.19068259276001,0,3.09385804139157,481,-0.379476578846434,4.89679702118856
0,91,7.50909785547437,4,6.08872779781716,-383,-0.156310295556978,3.03125531028017
0,82,6.62945746301258,0,-6.43396226646705,618,-0.313911659539901,10.5215406301771
0,-83,6.71610693365407,8,-4.3812246312346,-901,-0.189896477140874,5.85534643541941
0,-184,8.02372474704629,0,-5.92013524646537,-279,0.660292874313952,1.72843828622174
0,39,7.49645974937071,0,-2.92504389097972,-282,1.60557726413896,6.29650247950451
0,-73,6.38189743532591,10,-0.239694844010899,-472,1.24178815787207,13.9647208026781
0,24,7.20110680806937,2,-1.45926353619771,-827,0.817981758572723,12.3240180163965
0,-40,7.58500934624372,9,-3.10467778989632,187,0.488791725303526,6.90542697416963
0,-62,7.74816969394836,6,-4.86663938406192,220,-1.20532993112857,9.59671231863728
0,9,7.46393635134213,5,0.787308207802565,-296,-1.80114509057486,4.30547897360074
0,3,7.34652105828801,21,2.75508120124973,285,1.92981194376949,8.11569865231341
0,105,7.4865777871803,9,-6.77079401995144,855,0.0609365503554641,6.54874059913718
0,16,6.58196163000834,16,-0.579561389008486,-209,-1.6680718463655,11.114519511433
0,-52,8.58417380454638,8,-6.77193581712314,-264,0.0958523672695459,6.57350969106188
0,-90,6.68755848499899,17,-2.17111306601605,-38,1.41840127021445,10.5830806588854
0,-3,8.15295169299578,0,-11.2841454122077,676,-0.734358831375384,4.23750715794975
0,144,8.92310041438342,14,-0.864630326679452,-603,-0.755703638068947,11.0628380435497
0,126,8.32753233339516,16,-5.22323149671301,156,-1.2466708177997,14.2810377765445
0,-116,4.90595542502238,6,-6.77045843894022,-196,0.688494109539079,7.43728608355208
0,-28,8.72859288146864,4,-5.7608312572858,69,-0.00438439012863357,7.97258778823686
0,5,8.09846920399972,24,-5.6981379524328,-98,-0.156632344268679,11.1537618001963
0,-6,8.4299105866224,5,-5.84799729363766,367,2.03028880674793,4.76829093306059
0,45,5.34375764451058,10,-6.15699275714435,183,0.0258181385919619,7.48319627684863
0,-40,7.87942446150481,8,-4.80126093767757,98,0.43407823164398,9.39549616906687
0,-85,6.94802109605444,22,1.87071409403104,-794,-0.954639979138463,10.1040268493098
0,-114,7.17794578279583,10,-3.15670750204024,-269,-1.92673109208784,13.0335796861517
0,-138,7.93279430990232,7,-2.11405337174714,152,-0.266156915397972,9.81169167272707
0,318,6.6059296781828,35,-6.40762214083613,-121,-0.373460389780664,9.5490834252278
0,41,6.56427033714195,2,6.96645260843423,293,-0.835251980048924,10.4858810845652
0,-63,7.85680423226543,1,-1.65381500300015,-578,0.429585208063118,7.18370882498746
0,18,7.1958875875682,14,-6.96234950328906,-640,0.282917589268508,5.96598590256595
0,-32,5.83283846613928,23,-0.275499737079104,-880,0.936785121390252,9.05682355657697
0,29,6.97195782105741,27,-2.26276824792916,-736,0.223510698596904,6.44026628884646
0,-188,6.44406388890147,24,7.54780583331498,-181,0.568817764961654,3.5210958892154
0,-96,5.85673863987098,10,-6.16190133429266,-221,-0.0211656529552935,8.5020057937273
0,2,6.64733159104671,22,1.58542708528067,-647,-1.04906739174449,7.16642804978699
0,-114,6.32364051460583,3,-3.22509061588906,88,-0.93015393454746,10.6828088202415
0,-266,7.36236863443913,7,-12.0233103978979,-1035,0.817553495601826,13.1977824113766
0,-76,6.85288646480453,1,-2.09815497462064,-252,0.910506991880917,11.8304548880275
0,-112,7.83440099831533,4,-1.1900961140584,-20,2.2263057533027,9.00327012398264
0,-46,7.66219110479339,35,-1.97001538917735,-7,0.89804352386233,6.00873907873936
0,-124,7.66871245945251,12,-6.48416850926256,-263,-1.4612793428481,11.4122840563485
0,11,7.25666624548435,5,-4.9853570315624,95,-1.06214750171266,5.45626044131239
0,-160,6.61867391879141,5,-6.64276958303221,-1293,0.352408253233276,12.8014578087635
0,94,6.66642571161967,3,-3.1700341950115,-399,0.377132276098118,9.03627092958406
0,-2,8.32315187948812,2,-6.34216005253303,-139,-0.657137016930363,7.90132545993118
0,313,7.37640839597869,32,-6.46875011388927,-226,-0.0312378780382775,10.8850774506624
0,52,7.75768219248575,5,-0.00202750329481338,-446,1.12219165673319,8.62669878060092
0,151,8.18843748484502,1,-6.31667909541482,-292,1.19840101605323,9.38876030456997
0,97,7.60254710644306,29,-6.80132571841375,28,1.60866357864711,13.4983049567796
0,54,6.82777518110739,9,-3.76675784003426,-496,0.293428826048246,13.2295565468511
0,31,6.17094388318296,1,-4.89581417786106,-62,-2.02380011672494,2.36246940184088
0,109,7.31118524009657,3,-5.87566454163377,121,0.578322149196892,10.909094791565
0,-215,7.13377862416945,5,-3.5092266744958,-130,-1.60241574352672,11.20172292165
0,5,8.01213261927614,0,-5.2687772269336,600,-0.48887886302243,6.09287408190318
0,74,6.90660803294738,7,-3.74092793662554,-99,-1.10617743784811,11.6572359266569
0,123,8.24208069685865,0,-4.39300806108581,-872,0.299715900120566,7.1369984359645
0,-193,7.19030194069929,12,-3.72990064085961,176,-1.35623414519742,8.36464609772257
0,80,7.82109211401951,15,-3.90603256033018,-595,-0.285894548578011,10.8830521681698
0,-11,6.12759834130738,1,-7.47347897830269,-769,-0.283047098152419,6.12940870720201
0,60,6.88716930570261,4,3.57901715813882,332,-1.62697473907561,7.17905462049336
0,20,8.71733544905129,3,-2.27061782483117,184,-0.081596361092621,7.58937827009484
0,131,5.98883224295479,11,-2.65717310333186,-472,0.469645448860472,3.444934556464
0,28,6.16068811152621,10,-8.59348320104789,97,-0.345421931758255,7.52705189381671
0,-34,8.48113455347138,2,-2.59414862693467,-67,-0.386970875275424,10.82684600161
0,35,7.4680830992918,4,4.24860222773748,-203,0.944906536161435,8.71481165588881
0,-23,6.10348204719588,16,4.93083494629924,-590,0.424122401059631,11.0783464169309
0,-105,6.38267867499853,5,-8.14415506207359,-204,-1.21993967887864,8.28278887791982
0,-96,7.78491535269972,4,-5.90249356486381,-906,1.0200763772188,9.90600412994896
0,68,6.62335295028666,4,-12.2694134680979,-213,-1.53281955342206,9.41082542141728
0,25,6.95666576579851,3,1.23292372265239,375,-1.02776565182633,13.3733492746726
0,96,7.74159365859493,5,0.583474135963941,-639,1.69451780822761,12.4946748107982
0,158,6.55171582515707,9,-3.7265964156872,-585,0.455575375251497,5.64228510792151
0,56,7.04048847438615,2,2.48510503002492,160,1.00138851569145,6.58198174546335
0,-73,6.38212413183755,1,-7.57087380500397,-734,1.30376589151008,9.81398391534199
0,-173,8.10493705368839,0,-1.6953323925685,-130,-0.354101307474413,9.78808795206381
0,-79,7.61359084468066,19,-8.60599206751261,-130,-0.834379438366087,6.93969485958802
0,-65,8.66123556388646,7,-6.00627802922859,228,0.520307466773506,6.72317812122712
0,43,8.15436096120965,1,-8.7794154313648,-723,0.28412891485995,10.8714610888795
0,101,7.20251555871882,38,-10.1199811050781,-30,0.222622403686167,11.1100940632799
0,-188,7.42689036562068,5,-3.50478287300026,-261,-0.301990959944376,9.5659375711036
0,87,6.35096175912639,25,1.91541215623057,544,0.442989055949231,9.31945837805356
0,33,8.30089853624517,1,-4.64792369411793,-128,0.760921808540274,7.30586908097642
0,10,8.64606969751965,1,-4.00716608967876,-301,-1.42096384991064,3.16134741564329
0,-182,4.81289042234963,0,0.359051981821362,-988,0.947711974015604,10.7027959024431
0,5,7.70541458778036,11,-0.150101210893798,-477,-0.116964005812561,7.10354645689077
0,-22,7.57370211128522,2,-8.46778218973612,-787,0.036490714812305,5.32731078902735
0,162,7.83839461615585,4,-2.37238278377647,-801,0.172597216850052,6.14822267221913
0,-16,8.09147381153979,14,-2.17397192969322,-253,0.619299546738856,10.0680073382584
0,54,7.57336558530382,0,-6.41007935354474,-580,0.172575618616094,9.29974400883783
0,106,7.80638614684493,1,-11.5449076570462,-548,-0.52540615358566,6.73044315907817
0,-47,7.83590963615375,0,-2.48931349045711,-62,-1.2411131295226,9.69663379716053
0,141,6.78946794127326,10,0.179969226831455,-548,-0.843483864528363,15.4376363241028
0,136,6.43198850840043,5,2.02740442033582,-527,-1.49543658551511,6.1828073809385
0,59,7.03796639853055,1,-6.75800900524117,-373,-0.297141434000334,9.23957561850987
0,-14,7.12410044182549,29,-0.296655023229495,673,1.86255062467845,9.72596755161469
0,33,7.13639792602709,2,-4.12850237301914,100,-0.253823067461096,7.54422899252477
0,-193,7.03657649491751,3,-3.32756340175042,-468,0.368833630573535,9.09986537591161
0,-156,7.84502528743352,63,2.07233206596026,726,0.491003874011363,13.0150254925218
0,-69,7.40071924807692,11,-4.7870617353281,201,-0.874663035702256,8.95288118234238
0,-73,8.08058711257118,8,0.0422713286431557,-927,-1.02027130944114,13.2895026659082
0,-53,6.7185619398374,15,-9.79989525498953,-24,0.361559148117255,16.7982206190905
0,53,7.82046431251608,2,-3.54031390722322,738,0.741878009443919,7.97065288224696
0,35,8.04546420240562,19,-8.30271267556031,130,0.717751349866059,4.91316069349576
0,147,6.0297278232083,5,-3.74184168511807,272,-0.321348929733103,10.9076547084005
0,56,6.77048868604746,5,-2.26245372513547,-807,1.30683449757447,8.33307670669139
0,15,7.226612071169,1,-10.4193547181426,-354,1.21417116390379,8.18648344261437
0,120,9.07151253628597,8,3.40987371537802,757,0.942380800875236,5.77134903855666
0,42,7.98549233403689,20,-11.5166995858539,-970,0.765990966731087,15.154998683503
0,99,7.35712954184177,1,-2.24870819400925,-447,0.324772171969835,10.9283679240562
0,58,7.92181380219197,10,-8.91010005096409,-88,-0.31561998800454,7.69022701546031
0,-27,6.53545364576721,3,-0.460356934434309,-134,1.21553995526915,12.5656588916214
0,76,8.31892812382778,8,-3.36211165973096,64,0.655333103030911,10.3202644369304
0,106,5.88031733659349,47,-6.49037699069579,-302,0.847241457978087,5.9239111435925
0,40,6.96207341494321,6,-5.2227740442828,-429,-0.768634415205677,10.8600428763566
0,116,7.9067550813238,3,-4.03150277334177,-349,0.0225857094572447,8.13190574024158
0,125,6.62375785221136,11,-7.62753370824653,-290,0.635199956122745,7.24936271997684
0,-79,6.94334230722965,1,-1.77990627213668,487,0.845345231258298,8.77992564140627
0,-234,6.45769185154261,4,3.05645864832133,-306,0.561076198062251,7.83737360519628
0,78,6.37519280483054,19,-1.0703711302379,-411,-0.141563090780383,6.75938330111728
0,12,7.37250459897281,11,-4.84964983638076,-210,-0.339606562401327,5.58204441441784
0,127,6.24362572164805,8,-10.2252661213311,159,-1.63531630443039,10.5964406518434
0,-94,7.58468167120482,0,-7.47734443068763,-23,0.966248084361519,7.3846717635617
0,6,6.78592545290909,0,-0.70527333648601,-29,1.07156493799812,11.1202598415172
0,113,6.6126265254464,8,-8.73806508076189,-90,-1.26792500620734,10.7864763813032
0,-61,7.28768800022929,2,4.08349221317543,415,0.550051104424983,12.6363164130811
0,16,6.08003351299556,6,-2.03935267834172,-79,-0.708474317153899,13.0751968235951
0,16,7.58619843268281,0,-4.68696843239512,-496,1.35228794033215,7.24264396260102
0,170,7.55429174356904,14,-6.72089538946536,-376,0.563643082341708,10.5124423355597
0,-103,6.94376332209771,4,-0.333223726349118,-104,0.241798475790371,8.21402123755404
0,177,6.96299713794869,14,-6.42712243349554,-101,-1.1956697554656,15.0361910381399
0,121,5.809081925765,4,-4.60466497812013,-675,-0.0985188609393318,4.13807229939797
0,-76,8.52510868980345,1,-2.06048564643301,-409,0.224748376967624,9.78757577687102
0,-61,8.44404679370127,6,2.92943867552604,-108,0.293957022798025,10.6650223527057
0,-184,6.58700367517912,4,-0.860368544188269,53,0.924091822303599,5.70281498274413
0,121,8.08473281109109,0,-7.71698889063851,-413,0.102169741058849,8.7956802559966
0,72,7.11567480139383,7,-6.07779103199099,24,2.12567048696419,11.0554151887779
0,82,6.71237845970974,14,-2.71009238698526,710,1.84529516879017,4.61491108927139
0,-143,7.51579601237082,3,-1.72476806328924,27,0.290382697831722,6.63622015215623
0,-106,7.32802713506239,10,-2.99866762967306,-561,0.177574310421671,5.96663052148519
0,-76,6.92282402864737,3,-10.266343888051,-74,0.811041048279167,9.31958161613864
0,-69,7.75160238511198,5,-4.18502091689878,-533,0.368724893944721,6.51670168027248
0,7,5.62935711998427,9,-4.65422664817653,134,-0.239020151845403,8.61521077284888
0,16,7.0256827757134,12,-0.233267165956458,17,-0.521923141956012,8.7193101272368
0,138,8.20117074349909,11,-5.63871460960591,-250,0.62343623755229,12.0130482761916
0,55,7.36609107953268,5,-0.726387960089773,-359,0.776759598551234,4.72605750563062
0,-183,7.55061855256852,40,-5.21779531458414,-502,-0.50235397240872,15.2516827163939
0,-1,7.6588750169434,2,1.03348068376714,-565,-1.39895277273184,11.03996965287
0,7,6.03707019044604,12,1.34515224432673,219,0.718640006429711,8.1186323091735
0,157,8.81643575640808,0,-3.92851678553688,119,-0.695335405629198,13.9240130571045
0,-120,7.24760725878943,6,-3.33314974860283,-434,-0.0969337510719344,9.18881251676971
0,33,6.50909208997376,11,-4.00844545127267,-104,0.0638536160082403,7.48734289665742
0,-23,7.22770732810097,3,-5.87882175499596,-582,0.0404918174800797,4.592437307928
0,-94,7.2485041759434,10,1.68259073219427,29,0.00725319056415111,9.39607236989499
0,-123,7.19831040073245,18,-5.68345906502078,-178,0.0982121918095704,8.79477471580126
0,-35,6.99724379085912,12,-10.227449696078,-285,-0.511612004901464,10.7596798272422
0,-77,6.99425709100254,0,-5.0027665073658,-531,-0.639212713922223,8.08385599513489
0,-60,7.77376543748188,14,-2.1430591710724,-65,-0.173099154551121,11.0347033570448
0,-43,6.44587327824093,7,0.174089677015807,-166,-0.111042234551797,10.0377362844435
0,-42,6.65076850440517,0,-10.0638327339475,17,-0.272281154109913,8.22517492889726
0,-4,6.34646885838258,24,-0.831768112239231,-472,-0.991808910895009,5.23741144408315
0,-42,5.16651667523783,26,3.24696684024892,-131,-0.297176366663577,10.8734147356656
0,-139,8.22244307386096,2,0.674071256145528,-230,0.351753465050869,12.1661241900621
0,69,6.92709202197836,6,-3.57284535548021,-34,1.08916938312879,4.42260328168212
0,-143,7.86617312646122,11,-12.9571122216898,74,-0.436823058003259,6.25312525540767
0,-48,7.68762187877848,13,-1.46778694854264,412,-0.485548024152937,9.94069273083965
0,-18,6.43113256760063,6,0.0314833638151066,-571,0.143484056457221,9.4745914261124
0,31,8.00762775799154,12,-0.798935588821234,229,-0.867396339907263,6.9328540281817
0,-101,6.9737344291772,14,-6.19169837305488,-281,0.934091803028761,11.0884930186751
0,-104,8.38902509247581,3,-10.0261660265502,-143,0.361535230464193,8.61752532790816
0,-88,6.98804993580462,10,0.735780008345253,-24,-0.920198617276649,6.41900543812349
0,87,7.15412396391895,2,-2.00932553449968,9,2.25842410302498,5.63425629482821
0,-63,7.63942991541505,1,4.99642402567312,-238,0.983367969778688,14.1710371421151
0,-34,8.44652586474845,29,-11.0636340609914,22,-0.24174828771866,5.39093419130915
0,45,7.2213590014464,0,-9.77478091224433,-4,0.199291208046008,7.96170968856468
0,59,6.26465565379706,0,-3.05974765104201,-148,-1.16299007773974,10.3614010020467
0,50,7.54740432051579,31,-5.99373152817927,16,-0.124797166865835,14.5188073148306
0,-113,7.33044089538935,0,-7.2731954848747,-511,0.669859489344824,3.22057508530314
0,-61,7.19592046048272,4,-10.0753131052722,-601,-0.337337820646993,5.58222237094028
0,-140,7.8389461616016,2,-13.1555075802583,-972,-0.477808976296799,11.5543699519598
0,32,6.679700385664,12,-8.58798554641929,77,1.76029339713848,6.80227900634106
0,-137,7.34416975815248,0,-1.18666998571935,208,-0.0521966408753592,9.06856014634565
0,-49,8.25807911470637,0,-5.42851494403617,-117,-0.343380329392648,5.72565085469638
0,35,5.8064336672286,18,0.217108879484137,-157,0.314289710162033,6.75954570798571
0,61,6.9412187219935,7,-2.76935739965829,-559,-1.6260786823073,11.7519580526915
0,-9,7.56798399933841,10,-6.31466723504444,-721,-1.38102542531786,11.5242095406346
0,-210,7.33021040014944,5,-0.0503267108698693,-311,-0.973534945187568,9.51074405807395
0,-10,7.20270963445936,0,-9.83136625989279,-109,1.30951731065621,7.24404828076111
0,73,8.45652822274126,12,-0.762023574806016,-163,0.670075260264604,13.5283799784587
0,52,6.74973848128654,4,-4.06104947194886,485,1.18314652657563,7.18287054582344
0,-81,7.51122503535512,4,-5.5346344136305,-260,-0.631283403432354,9.95539632772044
0,-10,8.4187390955481,0,-4.54171986587914,-363,-0.772860264111704,10.4488726180587
0,-120,7.8184198487715,5,-0.315853529715673,12,1.99436832185407,8.27870231306946
0,-19,6.49397842230641,5,-3.08950493746212,97,-0.818833239881653,7.51312746712131
0,-40,7.09557805042624,1,-1.43506708123679,269,1.03846400568052,5.20227299052346
0,-48,7.57116302159402,15,-1.17535833730208,-600,-1.22340072026666,10.0330321347156
0,37,7.07955528196257,2,-5.55487043842862,-253,-0.793725408779731,12.24479385626
0,36,6.48765557237294,0,-2.5709035624275,593,-0.568739006192889,8.2919132241818
0,64,8.14309504834374,5,2.40537595037432,-155,1.12065704458241,12.0770455716353
0,-23,7.85602134253049,4,-2.61477688581265,-436,-1.02654115152253,8.6758965385918
0,-151,7.70302802278481,1,-3.08606974153891,-216,0.117290726559967,8.84629106741397
0,-154,7.9656501796626,2,-3.88352023280725,-474,-0.304919747237831,8.54689202189024
0,45,5.90106570402541,1,-5.2696890860633,-315,-0.7388390860267,13.6569084021634
0,-153,7.49156982930119,10,-7.89446427154432,-120,1.26472544560829,13.8768573733282
0,154,8.32517614630031,9,-8.44850381415116,-326,1.24122693795908,8.3432817194215
0,39,7.82877116782839,5,-2.01398788725408,-289,-0.241056916112674,11.2836306119288
0,-92,6.9433614608599,2,-11.0611233312142,-147,-0.271036185019499,11.6793880389755
0,212,4.10937644728438,16,-1.39478299863498,-805,-0.761586513839905,6.89877613931083
0,-45,7.83985640230538,16,5.50183821308146,601,-0.719119205415618,10.4322927240607
0,57,8.65697249160995,7,-5.58629331456022,-585,-0.583666174067381,3.54124280543177
0,-135,6.90154327515554,26,-6.01981461636136,-471,0.96457669427102,8.04382968578409
0,34,8.37552575907239,2,-13.7638086740976,-583,1.29626397192989,12.5648401154756
0,-179,8.08059544820654,2,-7.01705184180814,-276,-2.09621676013107,11.4600862469788
0,9,6.30722441601198,1,-5.10531341904237,17,-0.9955384630858,9.10840898265317
0,-64,8.37182010934728,11,-5.14114545412023,-65,0.223412775836584,12.5284840633971
0,19,7.25687078343862,1,-4.29172045345527,-198,-1.03589145086168,1.26291329704468
0,-189,7.82196843620686,8,-4.51777213860317,507,-0.146976444099226,9.84933810515695
0,40,7.29061305726265,1,-8.09340447379519,410,0.327009341330559,8.44807018024816
0,86,6.1264237395733,4,-2.8033177370237,-188,0.786385615758155,6.15036584111614
0,-15,7.01594371117518,6,-6.34812373800901,-114,0.291465736845318,7.9349008090809
0,-328,7.74088435766789,5,-8.50424060939256,-628,0.101697736248342,5.66988929959782
0,78,6.62356136315021,1,-15.2649709856911,-83,-0.152549464925187,11.3058958820579
0,6,7.49957125985861,8,-4.2506362006309,-664,0.13342618967335,10.0316567848043
0,-27,6.31205279202834,0,-4.92766306934011,-393,1.00825891957584,7.32628610888775
0,210,7.3485537190341,26,-3.6771121830239,303,-0.197342343175143,7.74981447959863
0,3,5.65007164238782,3,-1.10756461364624,-551,0.0925440651164196,11.91990689483
0,152,8.42900731515419,27,-8.303620436126,-56,0.171284527613802,6.60948261315768
0,21,7.32714053189736,22,-6.23854723298912,-9,2.22316114535739,9.67263221615406
0,-105,6.5510042866631,5,-3.72073674453403,-633,-0.622388990747164,12.7147537015728
0,68,6.58362036536738,2,-2.53306585096587,-68,0.766037493980304,11.324931114675
0,114,7.92910608790328,10,-3.55100242739019,214,-0.650191918008093,6.44344937751915
0,28,8.39822351745412,4,0.476003677307948,-495,-0.777241903132268,5.62801690343344
0,-136,7.14209405924619,13,-5.26821721010085,122,0.645839796604318,5.2472632086459
0,35,7.96966000946156,49,-4.7331779622841,539,-0.757995361550837,5.01172256107128
0,66,6.89628008957623,18,-6.36291183920742,311,-1.2841653747696,7.49791433070667
0,-46,6.38134703823252,5,-11.3143534040695,-43,-1.39000119735931,11.8608519499313
0,255,6.41802594504574,1,1.06934542470783,-99,-0.084783839112802,10.6910620181357
0,-165,5.8786060678393,19,-0.358797041443335,-555,-0.858862173471674,3.95959824910932
0,-50,7.88792155979693,15,-2.74668226399861,44,-1.27410087876129,14.2577792086421
0,94,7.55868642003428,1,-2.09667077533679,282,0.0289750594277709,5.54174390887334
0,73,6.24015735917519,8,-7.68727702177478,-754,-0.641586681170813,7.06318995858458
0,-71,7.41531236947202,0,1.74591719224545,-170,0.139204920805113,4.94786408337473
0,167,7.8886668646551,9,-6.43621612210451,440,-1.56760818581669,7.25890207987025
0,78,6.06831489757987,35,-7.35329484568119,-786,0.184955692347307,10.3325733786191
0,37,6.66424740796886,18,1.12745164969399,-318,1.25897867053287,10.9033238467796
0,238,7.86562322909919,17,-3.31576418955138,589,0.847596537618527,11.3669976554308
0,-76,7.08429144474888,2,-7.23501400895351,-634,-2.81111378071646,4.62347373738564
0,120,7.18344926933698,6,-7.55842171419837,729,-0.420685371085956,6.1017624566086
0,-58,8.91112515074404,1,-12.1647365583107,-100,-2.28664441526796,7.97188373450734
0,-23,5.28437729803447,17,-1.76704495834075,-258,0.233287618812307,10.0079356275103
0,0,7.86103040668708,21,-7.89799189363891,-125,0.0225115829364813,11.8814602075426
0,80,7.50022876340041,11,-7.62411149650746,-479,0.0460106711733689,8.76001517740246
0,78,7.55747998814243,15,-0.633691695863981,-518,0.788325522378365,7.39521929840199
0,10,5.62223914524267,4,-8.96664936657621,499,-1.15536546427195,8.82302876576594
0,19,7.17006184475805,9,-14.351411178001,-420,1.17777341236421,4.71357148167184
0,-22,7.81388446682011,24,-1.86269193034678,-58,-0.473715282457714,10.8715238100584
0,-101,7.90926495486184,14,-11.2726132023439,-53,0.596581675683762,5.5032197762735
0,-82,7.79868077590501,1,-10.9008269550262,177,-0.987355066559491,5.6079806189881
0,104,7.24623196698198,3,-6.26216818049353,69,0.157207457549816,7.00069554049481
0,-156,5.88400477745826,2,3.63206587788958,-504,-0.572206223536337,11.5247549556826
0,-66,7.67055944146062,23,-3.63574163096794,-946,1.06554885700634,6.6210294297753
0,-187,7.25246455548319,13,-3.9587682549349,47,-1.63025119491971,16.4114482539719
0,181,6.80824110641759,2,-1.11216867660344,54,-1.63483545982261,8.38329931070961
0,64,5.80453852955815,36,-7.28774012103773,248,-0.538769917251264,8.29845697446403
0,-47,5.60988785482512,16,-1.51885079643869,169,0.234815242460066,6.8575958482796
0,-36,6.25246122366882,18,1.88120294086095,-682,2.00072472714559,13.981632358382
0,27,8.1337063457698,9,5.49322071104878,-11,1.17649550866929,7.51917915352284
0,-100,5.81874028450623,1,-4.69874361741609,-233,-0.614189953164658,9.95695838859594
0,177,6.75551240312494,1,-8.18597972029446,187,0.842225732476763,4.11050759131511
0,165,8.12023488355029,2,-3.16534950757799,-726,-0.1363245842362,8.51017841449133
0,81,6.8121052544492,5,-4.96790699725403,-469,0.0622161353700653,4.94592859089296
0,104,8.44146281978351,10,-6.1037744860827,-192,0.126979305520513,10.4190011229909
0,-145,7.17299151712693,40,-0.790524537667367,-309,-0.0892222913379326,13.2052868677752
0,-109,6.28522021737281,6,-2.016278271573,-205,-0.444194425516259,16.2555247605585
0,-86,7.33037473934215,13,-9.3099842296055,92,-0.251557339266154,3.41509543723351
0,20,8.10300796193975,12,-5.97950792512604,-151,-0.278885440044962,7.0545036016464
0,5,7.43051019691665,1,-8.22923550289604,-499,-0.874282796439455,9.72113672639231
0,62,6.87337058034646,1,-2.59923963649252,-146,1.00579691724954,6.95468871246623
0,-5,7.66424923888569,11,-5.79124004060014,-499,-0.27383701172424,5.37234085369835
0,226,5.99423965604697,1,-9.64333372749678,46,-1.18483610959252,12.870501569822
0,-16,8.73030934172131,28,-7.18462804140449,-362,0.243175184980643,12.7366464480612
0,-47,6.61983480365292,1,-5.73450489339418,284,-1.11207377161468,13.1182889475048
0,41,7.8872318499464,11,-7.04056002915374,-490,0.471747163173614,10.2086925723461
0,-138,8.3626305511445,5,-11.7287656064972,124,-0.612693679173677,10.0560610379057
0,-70,7.27788564642085,17,-4.43178985869407,335,-1.01613901506497,7.55755404192047
0,84,5.98022614400951,1,-3.81074964719187,-536,-0.86669040633572,17.0762491263162
0,86,6.77244100396063,8,-6.88887122439188,-71,-0.130379103539406,2.89719484409581
0,7,6.89353733069524,5,-10.6405887514697,-395,-0.802430263471175,6.67943895522721
0,35,8.27981925415805,21,-7.86745257528136,48,0.955322838629981,11.1876339025649
0,150,8.13440274960217,0,-0.316255042899611,-139,0.832574787585408,11.8464399836665
0,149,5.24048564182141,3,-9.51882646411078,166,0.19394438684269,9.78156035667759
0,-133,7.53987568892986,9,-8.38398091032743,92,-0.449629999132308,3.93534188298117
0,120,6.97984135667976,4,-8.35318729461344,29,0.627169747205171,9.41312703099121